"","locus_best","ident_best","locus_cdna","ident_cdna","locus_cdna_exon","ident_cdna_exon","locus_prot","ident_prot","locus_prot_exon","ident_prot_exon","locus_mapping","ident_mapping","is_same_locus_cdna","is_same_locus_cdna_exon","is_same_locus_prot","is_same_locus_prot_exon","is_same_locus_mapping","canonic_locus","is_canonical","is_same_locus_canonic","max","best_is_max","diff_best_max"
"1","Chr7A_0003031026",78.3,"Chr7A_0003031026",14.3,"Chr7A_0003031026",21.8,"Chr7A_0003031026",78.3,"Chr7A_0003031026",78.3,"Chr7A_0003031026",0,"VRAI",1,"VRAI","VRAI","VRAI","Chr7A_0003031026","canonique","VRAI",78.3,TRUE,0
"2","Chr7A_0003208448",95.5,"Chr7A_0003208448",16.9,"Chr7A_0003208448",0,"Chr7A_0003208448",95.5,"Chr7A_0003208448",95.5,"Chr7A_0003208448",0,"VRAI",1,"VRAI","VRAI","VRAI","Chr7A_0003208448","canonique","VRAI",95.5,TRUE,0
"3","Chr7A_0003216927",41.2,"Chr7A_0003216927",41.2,"Chr7A_0003216927",33,"Chr7A_0003216927",40.6,"Chr7A_0003216927",33,"Chr7A_0003216927",0,"VRAI",1,"VRAI","VRAI","VRAI","Chr7A_0003218215","NsMCG","FAUX",41.2,TRUE,0
"4","Chr7A_0003269913",93.5,"Chr7A_0003269913",44.6,"Chr7A_0003269913",48,"Chr7A_0003269913",93.5,"Chr7A_0003269913",64.8,"Chr7A_0003269913",0,"VRAI",1,"VRAI","VRAI","VRAI","Chr7A_0003269913","NsMCG","VRAI",93.5,TRUE,0
"5","Chr7A_0003321242",41.2,"Chr7A_0003321242",41.2,"Chr7A_0003321242",33,"Chr7A_0003321242",40.6,"Chr7A_0003321242",33,"Chr7A_0003321242",0,"VRAI",1,"VRAI","VRAI","VRAI","Chr7A_0003322530","NsMCG","FAUX",41.2,TRUE,0
"6","Chr7A_0003397021",58.7,"Chr7A_0003397021",30.5,"Chr7A_0003397021",25.2,"Chr7A_0003397021",58.7,"Chr7A_0003397021",40.4,"Chr7A_0003397021",0,"VRAI",1,"VRAI","VRAI","VRAI","Chr7A_0003397021","NsMCG","VRAI",58.7,TRUE,0
"7","Chr7A_0003404506",92.8,"Chr7A_0003404506",37.8,"Chr7A_0003404506",65.6,"Chr7A_0003404506",92.8,"Chr7A_0003404506",92.8,"Chr7A_0003404506",0,"VRAI",1,"VRAI","VRAI","VRAI","Chr7A_0003404506","NsMCG","VRAI",92.8,TRUE,0
"8","Chr7A_0003502219",76.4,"Chr7A_0003502219",5.6,"Chr7A_0003502219",0,"Chr7A_0003502219",76.4,"Chr7A_0003502219",76.4,"Chr7A_0003502219",0,"VRAI",1,"VRAI","VRAI","VRAI","Chr7A_0003504857","canonique","FAUX",76.4,TRUE,0
"9","Chr7A_0003519614",60.6,"Chr7A_0003519614",21.3,"Chr7A_0003519614",43.7,"Chr7A_0003519614",60.6,"Chr7A_0003519614",60.6,"Chr7A_0003519614",0,"VRAI",1,"VRAI","VRAI","VRAI","Chr7A_0003523561","canonique","FAUX",60.6,TRUE,0
"10","Chr7A_0003771932",96.9,"Chr7A_0003771932",28.5,"Chr7A_0003771932",62,"Chr7A_0003771932",96.8,"Chr7A_0003771932",96.9,"Chr7A_0003771932",0,"VRAI",1,"VRAI","VRAI","VRAI","Chr7A_0003771932","canonique","VRAI",96.9,TRUE,0
"11","Chr7A_0003790356",44.1,"Chr7A_0003790356",20.8,"Chr7A_0003790356",20.8,"Chr7A_0003790356",44.1,"Chr7A_0003790356",2.1,"Chr7A_0003790356",0,"VRAI",1,"VRAI","VRAI","VRAI","Chr7A_0003791681","NsMCG","FAUX",44.1,TRUE,0
"12","Chr7A_0003813365",100,"Chr7A_0003813365",1.7,"Chr7A_0003813365",12.4,"Chr7A_0003813365",100,"Chr7A_0003813365",69.3,"Chr7A_0003813365",0,"VRAI",1,"VRAI","VRAI","VRAI","Chr7A_0003813365","NsMCG","VRAI",100,TRUE,0
"13","Chr7A_0003821960",100,"Chr7A_0003821960",20.7,"Chr7A_0003821960",71.7,"Chr7A_0003821960",100,"Chr7A_0003821960",100,"Chr7A_0003821960",0,"VRAI",1,"VRAI","VRAI","VRAI","Chr7A_0003821960","canonique","VRAI",100,TRUE,0
"14","Chr7A_0004710619",97,"Chr7A_0004710619",55.2,"Chr7A_0004710619",55.3,"Chr7A_0004710619",97,"Chr7A_0004710619",28.1,"Chr7A_0004710619",0,"VRAI",1,"VRAI","VRAI","VRAI","Chr7A_0004710619","NsMCG","VRAI",97,TRUE,0
"15","Chr7A_0004733566",96.4,"Chr7A_0004733566",30.5,"Chr7A_0004733566",30.5,"Chr7A_0004733566",96.4,"Chr7A_0004733566",69.6,"Chr7A_0004733566",0,"VRAI",1,"VRAI","VRAI","VRAI","Chr7A_0004733566","NsMCG","VRAI",96.4,TRUE,0
"16","Chr7A_0005081599",94.3,"Chr7A_0005081599",45.7,"Chr7A_0005081599",45.7,"Chr7A_0005081599",94.3,"Chr7A_0005081599",94.3,"Chr7A_0005081599",0,"VRAI",1,"VRAI","VRAI","VRAI","Chr7A_0005081599","canonique","VRAI",94.3,TRUE,0
"17","Chr7A_0005253902",83.3,"Chr7A_0005253902",5.3,"Chr7A_0005253902",6.3,"Chr7A_0005253902",83.3,"Chr7A_0005253902",83.3,"Chr7A_0005253902",30.3,"VRAI",1,"VRAI","VRAI","VRAI","Chr7A_0005253902","NsMCG","VRAI",83.3,TRUE,0
"18","Chr7A_0005336711",95.3,"Chr7A_0005336711",43.9,"Chr7A_0005336711",43.9,"Chr7A_0005336711",95.3,"Chr7A_0005336711",95.3,"Chr7A_0005336711",0,"VRAI",1,"VRAI","VRAI","VRAI","Chr7A_0005336792","canonique","FAUX",95.3,TRUE,0
"19","Chr7A_0005471515",81.4,"Chr7A_0005471515",11.1,"Chr7A_0005471515",38.5,"Chr7A_0005471515",81.4,"Chr7A_0005471515",32,"Chr7A_0005471515",0,"VRAI",1,"VRAI","VRAI","VRAI","Chr7A_0005471515","canonique","VRAI",81.4,TRUE,0
"20","Chr7A_0005496829",93.6,"Chr7A_0005496829",36.3,"Chr7A_0005496829",0,"Chr7A_0005496829",93.6,"Chr7A_0005496829",11.3,"Chr7A_0005496829",0,"VRAI",1,"VRAI","VRAI","VRAI","Chr7A_0005496829","NsMCG","VRAI",93.6,TRUE,0
"21","Chr7A_0005529536",93.6,"Chr7A_0005529536",4.5,"Chr7A_0005529536",0,"Chr7A_0005529536",93.6,"Chr7A_0005529536",11.3,"Chr7A_0005529536",0,"VRAI",1,"VRAI","VRAI","VRAI","Chr7A_0005529536","NsMCG","VRAI",93.6,TRUE,0
"22","Chr7A_0005563962",93.6,"Chr7A_0005563962",4.5,"Chr7A_0005563962",0,"Chr7A_0005563962",93.6,"Chr7A_0005563962",11.3,"Chr7A_0005563962",0,"VRAI",1,"VRAI","VRAI","VRAI","Chr7A_0005563962","NsMCG","VRAI",93.6,TRUE,0
"23","Chr7A_0005597205",93.6,"Chr7A_0005597205",4.5,"Chr7A_0005597205",0,"Chr7A_0005597205",93.6,"Chr7A_0005597205",11.3,"Chr7A_0005597205",0,"VRAI",1,"VRAI","VRAI","VRAI","Chr7A_0005597205","NsMCG","VRAI",93.6,TRUE,0
"24","Chr7A_0005888513",100,"Chr7A_0005888513",100,"Chr7A_0005888513",100,"Chr7A_0005888513",100,"Chr7A_0005888513",100,"Chr7A_0005888513",0,"VRAI",1,"VRAI","VRAI","VRAI","Chr7A_0005888513","NsMCG","VRAI",100,TRUE,0
"25","Chr7A_0005957515",74.7,"Chr7A_0005957515",0,"Chr7A_0005957515",0,"Chr7A_0005957515",74.7,"Chr7A_0005957515",74.7,"Chr7A_0005957515",0,"VRAI",1,"VRAI","VRAI","VRAI","Chr7A_0005957515","canonique","VRAI",74.7,TRUE,0
"26","Chr7A_0006013146",77.8,"Chr7A_0006013146",5.2,"Chr7A_0006013146",6.1,"Chr7A_0006013146",77.8,"Chr7A_0006013146",77.8,"Chr7A_0006013146",29.9,"VRAI",1,"VRAI","VRAI","VRAI","Chr7A_0006013146","canonique","VRAI",77.8,TRUE,0
"27","Chr7A_0006079774",77.8,"Chr7A_0006079774",5.2,"Chr7A_0006079774",6.1,"Chr7A_0006079774",77.8,"Chr7A_0006079774",77.8,"Chr7A_0006079774",29.9,"VRAI",1,"VRAI","VRAI","VRAI","Chr7A_0006079774","canonique","VRAI",77.8,TRUE,0
"28","Chr7A_0006149608",71.2,"Chr7A_0006149608",3.1,"Chr7A_0006149608",0,"Chr7A_0006149608",71.2,"Chr7A_0006149608",71.2,"Chr7A_0006149608",0,"VRAI",1,"VRAI","VRAI","VRAI","Chr7A_0006149608","NsMCG","VRAI",71.2,TRUE,0
"29","Chr7A_0006835940",100,"Chr7A_0006835940",47.3,"Chr7A_0006835940",0,"Chr7A_0006835940",100,"Chr7A_0006835940",100,"Chr7A_0006835940",0,"VRAI",1,"VRAI","VRAI","VRAI","Chr7A_0006835940","canonique","VRAI",100,TRUE,0
"30","Chr7A_0006953383",100,"Chr7A_0006953383",100,"Chr7A_0006953383",47.7,"Chr7A_0006953383",79.7,"Chr7A_0006953383",37.5,"Chr7A_0006953383",0,"VRAI",1,"VRAI","VRAI","VRAI","Chr7A_0006953383","NsMCG","VRAI",100,TRUE,0
"31","Chr7A_0007376321",100,"Chr7A_0007376321",24.4,"Chr7A_0007376321",0,"Chr7A_0007376321",100,"Chr7A_0007376321",100,"Chr7A_0007376321",0,"VRAI",1,"VRAI","VRAI","VRAI","Chr7A_0007376321","NsMCG","VRAI",100,TRUE,0
"32","Chr7A_0007737808",96.2,"Chr7A_0007737808",0,"Chr7A_0007737808",0,"Chr7A_0007737808",96.2,"Chr7A_0007737808",59.6,"Chr7A_0007737808",0,"VRAI",1,"VRAI","VRAI","VRAI","Chr7A_0007737808","canonique","VRAI",96.2,TRUE,0
"33","Chr7A_0008298920",95.7,"Chr7A_0008298920",56,"Chr7A_0008298920",57.5,"Chr7A_0008298920",95.7,"Chr7A_0008298920",97.1,"Chr7A_0008298920",42.7,"VRAI",1,"VRAI","VRAI","VRAI","Chr7A_0008298920","NsMCG","VRAI",97.1,FALSE,1.39999999999999
"34","Chr7A_0008342522",99,"Chr7A_0008342522",51.6,"Chr7A_0008342522",51.6,"Chr7A_0008342522",99,"Chr7A_0008342522",9.8,"Chr7A_0008342522",9.9,"VRAI",1,"VRAI","VRAI","VRAI","Chr7A_0008342522","NsMCG","VRAI",99,TRUE,0
"35","Chr7A_0008361927",100,"Chr7A_0008361927",49.5,"Chr7A_0008361927",49.5,"Chr7A_0008361927",100,"Chr7A_0008361927",63.8,"Chr7A_0008361927",0,"VRAI",1,"VRAI","VRAI","VRAI","Chr7A_0008361927","NsMCG","VRAI",100,TRUE,0
"36","Chr7A_0008378685",96.8,"Chr7A_0008378685",65.7,"Chr7A_0008378685",63.1,"Chr7A_0008378685",96.8,"Chr7A_0008378685",13.4,"Chr7A_0008378685",2.4,"VRAI",1,"VRAI","VRAI","VRAI","Chr7A_0008378685","NsMCG","VRAI",96.8,TRUE,0
"37","Chr7A_0008399657",100,"Chr7A_0008399657",100,"Chr7A_0008399657",62.7,"Chr7A_0008399657",100,"Chr7A_0008399657",62.7,"Chr7A_0008399657",62.7,"VRAI",1,"VRAI","VRAI","VRAI","Chr7A_0008399657","NsMCG","VRAI",100,TRUE,0
"38","Chr7A_0008482634",82.1,"Chr7A_0008482634",17.3,"Chr7A_0008482634",8.6,"Chr7A_0008482634",82.1,"Chr7A_0008482634",82.2,"Chr7A_0008482634",0,"VRAI",1,"VRAI","VRAI","VRAI","Chr7A_0008485246","canonique","FAUX",82.2,FALSE,0.100000000000009
"39","Chr7A_0008491058",53.7,"Chr7A_0008491058",15.7,"Chr7A_0008491058",23.6,"Chr7A_0008491058",53.7,"Chr7A_0008491058",53.7,"Chr7A_0008491058",0,"VRAI",1,"VRAI","VRAI","VRAI","Chr7A_0008492128","NsMCG","FAUX",53.7,TRUE,0
"40","Chr7A_0008637834",79.5,"Chr7A_0008637834",15.1,"Chr7A_0008637834",13.1,"Chr7A_0008637834",79.5,"Chr7A_0008637834",54,"Chr7A_0008637834",0,"VRAI",1,"VRAI","VRAI","VRAI","Chr7A_0008638504","NsMCG","FAUX",79.5,TRUE,0
"41","Chr7A_0008707263",95.6,"Chr7A_0008707263",18.5,"Chr7A_0008707263",0,"Chr7A_0008707263",95.5,"Chr7A_0008707263",95.6,"Chr7A_0008707263",0,"VRAI",1,"VRAI","VRAI","VRAI","Chr7A_0008707263","NsMCG","VRAI",95.6,TRUE,0
"42","Chr7A_0008712636",59.8,"Chr7A_0008712636",4.3,"Chr7A_0008712636",40.1,"Chr7A_0008712636",59.8,"Chr7A_0008712636",59.8,"Chr7A_0008712636",0,"VRAI",1,"VRAI","VRAI","VRAI","Chr7A_0008713700","canonique","FAUX",59.8,TRUE,0
"43","Chr7A_0009032157",99.2,"Chr7A_0009032157",0,"Chr7A_0009032157",0,"Chr7A_0009032157",99.2,"Chr7A_0009032157",56.8,"Chr7A_0009032157",17.1,"VRAI",1,"VRAI","VRAI","VRAI","Chr7A_0009032157","NsMCG","VRAI",99.2,TRUE,0
"44","Chr7A_0009314948",72.6,"Chr7A_0009314948",32.7,"Chr7A_0009314948",18,"Chr7A_0009314948",72.6,"Chr7A_0009314948",46.6,"Chr7A_0009314948",0,"VRAI",1,"VRAI","VRAI","VRAI","Chr7A_0009315812","NsMCG","FAUX",72.6,TRUE,0
"45","Chr7A_0010087619",73.3,"Chr7A_0010087619",16.5,"Chr7A_0010087619",26.7,"Chr7A_0010087619",73.3,"Chr7A_0010087619",73.4,"Chr7A_0010087619",0,"VRAI",1,"VRAI","VRAI","VRAI","Chr7A_0010087744","NsMCG","FAUX",73.4,FALSE,0.100000000000009
"46","Chr7A_0010163345",89.2,"Chr7A_0010163345",25.6,"Chr7A_0010163345",11.5,"Chr7A_0010163345",89.2,"Chr7A_0010163345",22.5,"Chr7A_0010163345",0,"VRAI",1,"VRAI","VRAI","VRAI","Chr7A_0010163345","NsMCG","VRAI",89.2,TRUE,0
"47","Chr7A_0010227543",89.2,"Chr7A_0010227543",25.4,"Chr7A_0010227543",11.5,"Chr7A_0010227543",89.2,"Chr7A_0010227543",22.5,"Chr7A_0010227543",0,"VRAI",1,"VRAI","VRAI","VRAI","Chr7A_0010227543","NsMCG","VRAI",89.2,TRUE,0
"48","Chr7A_0010653812",49.5,"Chr7A_0010653812",43.5,"Chr7A_0010653812",43.5,"Chr7A_0010653812",49.5,"Chr7A_0010653812",49.5,"Chr7A_0010653812",0,"VRAI",1,"VRAI","VRAI","VRAI","Chr7A_0010655577","canonique","FAUX",49.5,TRUE,0
"49","Chr7A_0010829511",97.2,"Chr7A_0010829511",85.3,"Chr7A_0010829511",85.3,"Chr7A_0010829511",19.8,"Chr7A_0010829511",97.2,"Chr7A_0010829511",13.4,"VRAI",1,"VRAI","VRAI","VRAI","Chr7A_0010829511","canonique","VRAI",97.2,TRUE,0
"50","Chr7A_0010880344",100,"Chr7A_0010880344",100,"Chr7A_0010880344",100,"Chr7A_0010880344",100,"Chr7A_0010880344",100,"Chr7A_0010880344",0,"VRAI",1,"VRAI","VRAI","VRAI","Chr7A_0010880344","canonique","VRAI",100,TRUE,0
"51","Chr7A_0010963694",100,"Chr7A_0010963694",100,"Chr7A_0010963694",24.9,"Chr7A_0010963694",99.4,"Chr7A_0010963694",24.9,"Chr7A_0010963694",74,"VRAI",1,"VRAI","VRAI","VRAI","Chr7A_0010963694","NsMCG","VRAI",100,TRUE,0
"52","Chr7A_0014645947",100,"Chr7A_0014645947",59.4,"Chr7A_0014645947",100,"Chr7A_0014645947",100,"Chr7A_0014645947",100,"Chr7A_0014645947",99.7,"VRAI",1,"VRAI","VRAI","VRAI","Chr7A_0014645947","NsMCG","VRAI",100,TRUE,0
"53","Chr7A_0014940218",91.8,"Chr7A_0014940218",23,"Chr7A_0014940218",10.4,"Chr7A_0014940218",91.8,"Chr7A_0014940218",80.7,"Chr7A_0014940218",0,"VRAI",1,"VRAI","VRAI","VRAI","Chr7A_0014940218","NsMCG","VRAI",91.8,TRUE,0
"54","Chr7A_0015259198",98.4,"Chr7A_0015259198",73.1,"Chr7A_0015259198",25.6,"Chr7A_0015259198",98.4,"Chr7A_0015259198",25.4,"Chr7A_0015259198",0,"VRAI",1,"VRAI","VRAI","VRAI","Chr7A_0015259198","canonique","VRAI",98.4,TRUE,0
"55","Chr7A_0015272388",96.7,"Chr7A_0015272388",76.2,"Chr7A_0015272388",76.2,"Chr7A_0015272388",96,"Chr7A_0015272388",96,"Chr7A_0015272388",96.7,"VRAI",1,"VRAI","VRAI","VRAI","Chr7A_0015272484","canonique","FAUX",96.7,TRUE,0
"56","Chr7A_0015526317",98.9,"Chr7A_0015526317",5.6,"Chr7A_0015526317",9.7,"Chr7A_0015526317",98.9,"Chr7A_0015526317",72.4,"Chr7A_0015526317",9.7,"VRAI",1,"VRAI","VRAI","VRAI","Chr7A_0015526317","NsMCG","VRAI",98.9,TRUE,0
"57","Chr7A_0016496408",100,"Chr7A_0016496408",0,"Chr7A_0016496408",0,"Chr7A_0016496408",100,"Chr7A_0016496408",68.7,"Chr7A_0016496408",0,"VRAI",1,"VRAI","VRAI","VRAI","Chr7A_0016496408","NsMCG","VRAI",100,TRUE,0
"58","Chr7A_0016498331",94.8,"Chr7A_0016498331",83.8,"Chr7A_0016498331",84,"Chr7A_0016498331",94.7,"Chr7A_0016498331",94.8,"Chr7A_0016498331",0,"VRAI",1,"VRAI","VRAI","VRAI","Chr7A_0016498365","NsMCG","FAUX",94.8,TRUE,0
"59","Chr7A_0016541304",98,"Chr7A_0016541304",28.7,"Chr7A_0016541304",52.3,"Chr7A_0016541304",98,"Chr7A_0016541304",68,"Chr7A_0016541304",0,"VRAI",1,"VRAI","VRAI","VRAI","Chr7A_0016541304","NsMCG","VRAI",98,TRUE,0
"60","Chr7A_0016641105",100,"Chr7A_0016641105",100,"Chr7A_0016641105",100,"Chr7A_0016641105",100,"Chr7A_0016641105",100,"Chr7A_0016641105",0,"VRAI",1,"VRAI","VRAI","VRAI","Chr7A_0016641105","NsMCG","VRAI",100,TRUE,0
"61","Chr7A_0016733551",100,"Chr7A_0016733551",100,"Chr7A_0016733551",100,"Chr7A_0016733551",100,"Chr7A_0016733551",100,"Chr7A_0016733551",0,"VRAI",1,"VRAI","VRAI","VRAI","Chr7A_0016733551","canonique","VRAI",100,TRUE,0
"62","Chr7A_0016743854",100,"Chr7A_0016743854",88.8,"Chr7A_0016743854",88.8,"Chr7A_0016743854",100,"Chr7A_0016743854",2.8,"Chr7A_0016743854",0,"VRAI",1,"VRAI","VRAI","VRAI","Chr7A_0016743854","NsMCG","VRAI",100,TRUE,0
"63","Chr7A_0016754088",100,"Chr7A_0016754088",100,"Chr7A_0016754088",42.5,"Chr7A_0016754088",100,"Chr7A_0016754088",42.5,"Chr7A_0016754088",0,"VRAI",1,"VRAI","VRAI","VRAI","Chr7A_0016754088","NsMCG","VRAI",100,TRUE,0
"64","Chr7A_0016770197",94.6,"Chr7A_0016770197",32.2,"Chr7A_0016770197",15.5,"Chr7A_0016770197",94.6,"Chr7A_0016770197",75.2,"Chr7A_0016770197",0,"VRAI",1,"VRAI","VRAI","VRAI","Chr7A_0016770197","NsMCG","VRAI",94.6,TRUE,0
"65","Chr7A_0016782150",100,"Chr7A_0016782150",100,"Chr7A_0016782150",100,"Chr7A_0016782150",100,"Chr7A_0016782150",100,"Chr7A_0016782150",90.8,"VRAI",1,"VRAI","VRAI","VRAI","Chr7A_0016782150","NsMCG","VRAI",100,TRUE,0
"66","Chr7A_0016935741",100,"Chr7A_0016935741",99.9,"Chr7A_0016935741",100,"Chr7A_0016935741",99.9,"Chr7A_0016935741",100,"Chr7A_0016935741",0,"VRAI",1,"VRAI","VRAI","VRAI","Chr7A_0016935741","NsMCG","VRAI",100,TRUE,0
"67","Chr7A_0018785530",99.6,"Chr7A_0018785530",0,"Chr7A_0018785530",58.1,"Chr7A_0018785530",99.4,"Chr7A_0018785530",99.6,"Chr7A_0018785530",13.2,"VRAI",1,"VRAI","VRAI","VRAI","Chr7A_0018785530","canonique","VRAI",99.6,TRUE,0
"68","Chr7A_0018832649",93.2,"Chr7A_0018832649",0,"Chr7A_0018832649",0,"Chr7A_0018832649",93.2,"Chr7A_0018832649",2.9,"Chr7A_0018832649",0,"VRAI",1,"VRAI","VRAI","VRAI","Chr7A_0018832736","NsMCG","FAUX",93.2,TRUE,0
"69","Chr7A_0018856930",93.2,"Chr7A_0018856930",0,"Chr7A_0018856930",0,"Chr7A_0018856930",93.2,"Chr7A_0018856930",2.9,"Chr7A_0018856930",0,"VRAI",1,"VRAI","VRAI","VRAI","Chr7A_0018857017","NsMCG","FAUX",93.2,TRUE,0
"70","Chr7A_0018881180",93.2,"Chr7A_0018881180",0,"Chr7A_0018881180",0,"Chr7A_0018881180",93.2,"Chr7A_0018881180",2.9,"Chr7A_0018881180",0,"VRAI",1,"VRAI","VRAI","VRAI","Chr7A_0018881267","NsMCG","FAUX",93.2,TRUE,0
"71","Chr7A_0018897930",100,"Chr7A_0018897930",8.4,"Chr7A_0018897930",36.4,"Chr7A_0018897930",100,"Chr7A_0018897930",64.9,"Chr7A_0018897930",0,"VRAI",1,"VRAI","VRAI","VRAI","Chr7A_0018897930","NsMCG","VRAI",100,TRUE,0
"72","Chr7A_0019000848",100,"Chr7A_0019000848",0,"Chr7A_0019000848",0,"Chr7A_0019000848",100,"Chr7A_0019000848",100,"Chr7A_0019000848",0,"VRAI",1,"VRAI","VRAI","VRAI","Chr7A_0019000848","NsMCG","VRAI",100,TRUE,0
"73","Chr7A_0019134771",65.7,"Chr7A_0019134771",0,"Chr7A_0019134771",0,"Chr7A_0019134771",65.7,"Chr7A_0019134771",65.7,"Chr7A_0019134771",0,"VRAI",1,"VRAI","VRAI","VRAI","Chr7A_0019135025","canonique","FAUX",65.7,TRUE,0
"74","Chr7A_0019236751",88,"Chr7A_0019236751",61.4,"Chr7A_0019236751",52.8,"Chr7A_0019236751",88,"Chr7A_0019236751",52.8,"Chr7A_0019236751",0,"VRAI",1,"VRAI","VRAI","VRAI","Chr7A_0019237088","NsMCG","FAUX",88,TRUE,0
"75","Chr7A_0019380061",99.7,"Chr7A_0019380061",20.3,"Chr7A_0019380061",0,"Chr7A_0019380061",99.7,"Chr7A_0019380061",99.7,"Chr7A_0019380061",0,"VRAI",1,"VRAI","VRAI","VRAI","Chr7A_0019380061","NsMCG","VRAI",99.7,TRUE,0
"76","Chr7A_0019905222",99.4,"Chr7A_0019905222",13,"Chr7A_0019905222",0,"Chr7A_0019905222",99.4,"Chr7A_0019905222",60.1,"Chr7A_0019905222",0,"VRAI",1,"VRAI","VRAI","VRAI","Chr7A_0019905222","NsMCG","VRAI",99.4,TRUE,0
"77","Chr7A_0019939565",98.5,"Chr7A_0019939565",62.1,"Chr7A_0019939565",84.7,"Chr7A_0019939565",98.5,"Chr7A_0019939565",64.1,"Chr7A_0019939565",0,"VRAI",1,"VRAI","VRAI","VRAI","Chr7A_0019939616","canonique","FAUX",98.5,TRUE,0
"78","Chr7A_0020374795",98.3,"Chr7A_0020374795",31.8,"Chr7A_0020374795",6.5,"Chr7A_0020374795",98.3,"Chr7A_0020374795",98.3,"Chr7A_0020374795",0,"VRAI",1,"VRAI","VRAI","VRAI","Chr7A_0020374795","NsMCG","VRAI",98.3,TRUE,0
"79","Chr7A_0020385244",96.6,"Chr7A_0020385244",50,"Chr7A_0020385244",50,"Chr7A_0020385244",96.6,"Chr7A_0020385244",96.6,"Chr7A_0020385244",0,"VRAI",1,"VRAI","VRAI","VRAI","Chr7A_0020385244","canonique","VRAI",96.6,TRUE,0
"80","Chr7A_0020411844",96.6,"Chr7A_0020411844",50,"Chr7A_0020411844",50,"Chr7A_0020411844",96.6,"Chr7A_0020411844",96.6,"Chr7A_0020411844",0,"VRAI",1,"VRAI","VRAI","VRAI","Chr7A_0020411844","canonique","VRAI",96.6,TRUE,0
"81","Chr7A_0020870085",98.5,"Chr7A_0020870085",98.5,"Chr7A_0020870085",98.5,"Chr7A_0020870085",98.5,"Chr7A_0020870085",98.5,"Chr7A_0020870085",0,"VRAI",1,"VRAI","VRAI","VRAI","Chr7A_0020870085","NsMCG","VRAI",98.5,TRUE,0
"82","Chr7A_0020881360",100,"Chr7A_0020881360",100,"Chr7A_0020881360",100,"Chr7A_0020881360",100,"Chr7A_0020881360",100,"Chr7A_0020881360",100,"VRAI",1,"VRAI","VRAI","VRAI","Chr7A_0020881360","canonique","VRAI",100,TRUE,0
"83","Chr7A_0020890178",100,"Chr7A_0020890178",100,"Chr7A_0020890178",9,"Chr7A_0020890178",100,"Chr7A_0020890178",9,"Chr7A_0020890178",9,"VRAI",1,"VRAI","VRAI","VRAI","Chr7A_0020890178","NsMCG","VRAI",100,TRUE,0
"84","Chr7A_0020912991",100,"Chr7A_0020912991",100,"Chr7A_0020912991",100,"Chr7A_0020912991",100,"Chr7A_0020912991",100,"Chr7A_0020912991",100,"VRAI",1,"VRAI","VRAI","VRAI","Chr7A_0020912991","canonique","VRAI",100,TRUE,0
"85","Chr7A_0020933258",100,"Chr7A_0020933258",100,"Chr7A_0020933258",100,"Chr7A_0020933258",100,"Chr7A_0020933258",100,"Chr7A_0020933258",100,"VRAI",1,"VRAI","VRAI","VRAI","Chr7A_0020933258","canonique","VRAI",100,TRUE,0
"86","Chr7A_0020946120",100,"Chr7A_0020946120",100,"Chr7A_0020946120",18.3,"Chr7A_0020946120",100,"Chr7A_0020946120",18.3,"Chr7A_0020946120",18.3,"VRAI",1,"VRAI","VRAI","VRAI","Chr7A_0020946120","NsMCG","VRAI",100,TRUE,0
"87","Chr7A_0020951021",100,"Chr7A_0020951021",79.1,"Chr7A_0020951021",46.4,"Chr7A_0020951021",100,"Chr7A_0020951021",67.2,"Chr7A_0020951021",45.9,"VRAI",1,"VRAI","VRAI","VRAI","Chr7A_0020951021","NsMCG","VRAI",100,TRUE,0
"88","Chr7A_0020968968",99.7,"Chr7A_0020968968",99.7,"Chr7A_0020968968",99.8,"Chr7A_0020968968",99.7,"Chr7A_0020968968",99.8,"Chr7A_0020968968",0,"VRAI",1,"VRAI","VRAI","VRAI","Chr7A_0020968968","canonique","VRAI",99.8,FALSE,0.0999999999999943
"89","Chr7A_0020975776",100,"Chr7A_0020975776",100,"Chr7A_0020975776",100,"Chr7A_0020975776",100,"Chr7A_0020975776",100,"Chr7A_0020975776",100,"VRAI",1,"VRAI","VRAI","VRAI","Chr7A_0020975776","canonique","VRAI",100,TRUE,0
"90","Chr7A_0021017572",100,"Chr7A_0021017572",100,"Chr7A_0021017572",100,"Chr7A_0021017572",100,"Chr7A_0021017572",100,"Chr7A_0021017572",100,"VRAI",1,"VRAI","VRAI","VRAI","Chr7A_0021017572","canonique","VRAI",100,TRUE,0
"91","Chr7A_0021185065",100,"Chr7A_0021185065",100,"Chr7A_0021185065",85.2,"Chr7A_0021185065",100,"Chr7A_0021185065",85.2,"Chr7A_0021185065",85.2,"VRAI",1,"VRAI","VRAI","VRAI","Chr7A_0021185065","NsMCG","VRAI",100,TRUE,0
"92","Chr7A_0021236523",100,"Chr7A_0021236523",100,"Chr7A_0021236523",13,"Chr7A_0021236523",100,"Chr7A_0021236523",13,"Chr7A_0021236523",13,"VRAI",1,"VRAI","VRAI","VRAI","Chr7A_0021236523","NsMCG","VRAI",100,TRUE,0
"93","Chr7A_0021240309",100,"Chr7A_0021240309",100,"Chr7A_0021240309",9.8,"Chr7A_0021240309",100,"Chr7A_0021240309",9.8,"Chr7A_0021240309",90,"VRAI",1,"VRAI","VRAI","VRAI","Chr7A_0021240309","NsMCG","VRAI",100,TRUE,0
"94","Chr7A_0021243996",100,"Chr7A_0021243996",100,"Chr7A_0021243996",9.8,"Chr7A_0021243996",100,"Chr7A_0021243996",9.8,"Chr7A_0021243996",90,"VRAI",1,"VRAI","VRAI","VRAI","Chr7A_0021243996","NsMCG","VRAI",100,TRUE,0
"95","Chr7A_0021247683",100,"Chr7A_0021247683",100,"Chr7A_0021247683",9.8,"Chr7A_0021247683",100,"Chr7A_0021247683",9.8,"Chr7A_0021247683",90,"VRAI",1,"VRAI","VRAI","VRAI","Chr7A_0021247683","NsMCG","VRAI",100,TRUE,0
"96","Chr7A_0021261679",100,"Chr7A_0021261679",100,"Chr7A_0021261679",100,"Chr7A_0021261679",100,"Chr7A_0021261679",100,"Chr7A_0021261679",97.5,"VRAI",1,"VRAI","VRAI","VRAI","Chr7A_0021261679","canonique","VRAI",100,TRUE,0
"97","Chr7A_0021508542",57,"Chr7A_0021508542",0,"Chr7A_0021508542",0,"Chr7A_0021508542",57,"Chr7A_0021508542",57,"Chr7A_0021508542",0,"VRAI",1,"VRAI","VRAI","VRAI","Chr7A_0021508542","NsMCG","VRAI",57,TRUE,0
"98","Chr7A_0028090024",97.7,"Chr7A_0028090024",48,"Chr7A_0028090024",39.2,"Chr7A_0028090024",97.7,"Chr7A_0028090024",38.3,"Chr7A_0028090024",0,"VRAI",1,"VRAI","VRAI","VRAI","Chr7A_0028090024","NsMCG","VRAI",97.7,TRUE,0
"99","Chr7A_0028111928",95.5,"Chr7A_0028111928",3.7,"Chr7A_0028111928",11.7,"Chr7A_0028111928",95.5,"Chr7A_0028111928",51.2,"Chr7A_0028111928",0,"VRAI",1,"VRAI","VRAI","VRAI","Chr7A_0028111928","NsMCG","VRAI",95.5,TRUE,0
"100","Chr7A_0028143380",96.9,"Chr7A_0028143380",5,"Chr7A_0028143380",13,"Chr7A_0028143380",96.9,"Chr7A_0028143380",51.2,"Chr7A_0028143380",0,"VRAI",1,"VRAI","VRAI","VRAI","Chr7A_0028143380","NsMCG","VRAI",96.9,TRUE,0
"101","Chr7A_0028174835",96.9,"Chr7A_0028174835",45.6,"Chr7A_0028174835",52,"Chr7A_0028174835",96.9,"Chr7A_0028174835",50.8,"Chr7A_0028174835",0,"VRAI",1,"VRAI","VRAI","VRAI","Chr7A_0028174835","NsMCG","VRAI",96.9,TRUE,0
"102","Chr7A_0030631470",100,"Chr7A_0030631470",31.6,"Chr7A_0030631470",69.8,"Chr7A_0030631470",100,"Chr7A_0030631470",86.2,"Chr7A_0030631470",0,"VRAI",1,"VRAI","VRAI","VRAI","Chr7A_0030631470","NsMCG","VRAI",100,TRUE,0
"103","Chr7A_0034466300",100,"Chr7A_0034466300",48.2,"Chr7A_0034466300",99.6,"Chr7A_0034466300",100,"Chr7A_0034466300",100,"Chr7A_0034466300",98.9,"VRAI",1,"VRAI","VRAI","VRAI","Chr7A_0034466300","NsMCG","VRAI",100,TRUE,0
"104","Chr7A_0035424639",97.6,"Chr7A_0035424639",9,"Chr7A_0035424639",13.4,"Chr7A_0035424639",97.6,"Chr7A_0035424639",97.6,"Chr7A_0035424639",12.5,"VRAI",1,"VRAI","VRAI","VRAI","Chr7A_0035424639","canonique","VRAI",97.6,TRUE,0
"105","Chr7A_0036155572",98.3,"Chr7A_0036155572",65.2,"Chr7A_0036155572",38,"Chr7A_0036155572",98.3,"Chr7A_0036155572",36.2,"Chr7A_0036155572",2.1,"VRAI",1,"VRAI","VRAI","VRAI","Chr7A_0036155572","NsMCG","VRAI",98.3,TRUE,0
"106","Chr7A_0038883011",65,"Chr7A_0038883011",65,"Chr7A_0038883011",27.4,"Chr7A_0038883011",65,"Chr7A_0038883011",27.4,"Chr7A_0038883011",11.2,"VRAI",1,"VRAI","VRAI","VRAI","Chr7A_0038883011","NsMCG","VRAI",65,TRUE,0
"107","Chr7A_0038939113",100,"Chr7A_0038939113",41.4,"Chr7A_0038939113",23.9,"Chr7A_0038939113",100,"Chr7A_0038939113",46.3,"Chr7A_0038939113",0,"VRAI",1,"VRAI","VRAI","VRAI","Chr7A_0038939113","NsMCG","VRAI",100,TRUE,0
"108","Chr7A_0038957403",100,"Chr7A_0038957403",41.4,"Chr7A_0038957403",23.9,"Chr7A_0038957403",100,"Chr7A_0038957403",46.3,"Chr7A_0038957403",0,"VRAI",1,"VRAI","VRAI","VRAI","Chr7A_0038957403","NsMCG","VRAI",100,TRUE,0
"109","Chr7A_0038979772",53.5,"Chr7A_0038979772",34.1,"Chr7A_0038979772",34.1,"Chr7A_0038979772",53.5,"Chr7A_0038979772",53.5,"Chr7A_0038979772",0,"VRAI",1,"VRAI","VRAI","VRAI","Chr7A_0038979871","canonique","FAUX",53.5,TRUE,0
"110","Chr7A_0039110685",65.2,"Chr7A_0039110685",33.8,"Chr7A_0039110685",33.8,"Chr7A_0039110685",65.2,"Chr7A_0039110685",57.1,"Chr7A_0039110685",0,"VRAI",1,"VRAI","VRAI","VRAI","Chr7A_0039110685","NsMCG","VRAI",65.2,TRUE,0
"111","Chr7A_0039187747",55.4,"Chr7A_0039187747",47.1,"Chr7A_0039187747",47.1,"Chr7A_0039187747",55.4,"Chr7A_0039187747",55.4,"Chr7A_0039187747",31,"VRAI",1,"VRAI","VRAI","VRAI","Chr7A_0039187747","canonique","VRAI",55.4,TRUE,0
"112","Chr7A_0041934036",99.3,"Chr7A_0041934036",0,"Chr7A_0041934036",0,"Chr7A_0041934036",99.3,"Chr7A_0041934036",22.1,"Chr7A_0041934036",41.4,"VRAI",1,"VRAI","VRAI","VRAI","Chr7A_0041934036","canonique","VRAI",99.3,TRUE,0
"113","Chr7A_0046560899",100,"Chr7A_0046560899",100,"Chr7A_0046560899",100,"Chr7A_0046560899",100,"Chr7A_0046560899",100,"Chr7A_0046560899",0,"VRAI",1,"VRAI","VRAI","VRAI","Chr7A_0046560899","canonique","VRAI",100,TRUE,0
"114","Chr7A_0052313155",100,"Chr7A_0052313155",58.8,"Chr7A_0052313155",26.6,"Chr7A_0052313155",100,"Chr7A_0052313155",67.6,"Chr7A_0052313155",0,"VRAI",1,"VRAI","VRAI","VRAI","Chr7A_0052313155","NsMCG","VRAI",100,TRUE,0
"115","Chr7A_0052333402",88.6,"Chr7A_0052333402",19.2,"Chr7A_0052333402",38.4,"Chr7A_0052333402",88.6,"Chr7A_0052333402",88.6,"Chr7A_0052333402",0,"VRAI",1,"VRAI","VRAI","VRAI","Chr7A_0052333402","NsMCG","VRAI",88.6,TRUE,0
"116","Chr7A_0059515739",100,"Chr7A_0059515739",41.5,"Chr7A_0059515739",0,"Chr7A_0059515739",100,"Chr7A_0059515739",8.6,"Chr7A_0059515739",0,"VRAI",1,"VRAI","VRAI","VRAI","Chr7A_0059515739","canonique","VRAI",100,TRUE,0
"117","Chr7A_0061427107",100,"Chr7A_0061427107",49.2,"Chr7A_0061427107",29.8,"Chr7A_0061427107",100,"Chr7A_0061427107",29.8,"Chr7A_0061427107",0,"VRAI",1,"VRAI","VRAI","VRAI","Chr7A_0061427107","NsMCG","VRAI",100,TRUE,0
"118","Chr7A_0064467634",94.7,"Chr7A_0064467634",55.2,"Chr7A_0064467634",0,"Chr7A_0064467634",94.7,"Chr7A_0064467634",94.7,"Chr7A_0064467634",0,"VRAI",1,"VRAI","VRAI","VRAI","Chr7A_0064467634","canonique","VRAI",94.7,TRUE,0
"119","Chr7A_0064582168",87.6,"Chr7A_0064582168",36.4,"Chr7A_0064582168",0,"Chr7A_0064582168",87.6,"Chr7A_0064582168",87.6,"Chr7A_0064582168",81.4,"VRAI",1,"VRAI","VRAI","VRAI","Chr7A_0064587954","canonique","FAUX",87.6,TRUE,0
"120","Chr7A_0068302940",96.1,"Chr7A_0068302940",56.2,"Chr7A_0068302940",0,"Chr7A_0068302940",96.1,"Chr7A_0068302940",96.2,"Chr7A_0068302940",24.2,"VRAI",1,"VRAI","VRAI","VRAI","Chr7A_0068302940","canonique","VRAI",96.2,FALSE,0.100000000000009
"121","Chr7A_0073491016",45.2,"Chr7A_0073491016",24.2,"Chr7A_0073491016",39.5,"Chr7A_0073491016",45.2,"Chr7A_0073491016",45.2,"Chr7A_0073491016",0,"VRAI",1,"VRAI","VRAI","VRAI","Chr7A_0073498225","NsMCG","FAUX",45.2,TRUE,0
"122","Chr7A_0073629571",98.7,"Chr7A_0073629571",16.8,"Chr7A_0073629571",69.1,"Chr7A_0073629571",98.7,"Chr7A_0073629571",98.7,"Chr7A_0073629571",0,"VRAI",1,"VRAI","VRAI","VRAI","Chr7A_0073629571","canonique","VRAI",98.7,TRUE,0
"123","Chr7A_0073652253",100,"Chr7A_0073652253",16,"Chr7A_0073652253",69,"Chr7A_0073652253",100,"Chr7A_0073652253",84.3,"Chr7A_0073652253",0,"VRAI",1,"VRAI","VRAI","VRAI","Chr7A_0073652253","NsMCG","VRAI",100,TRUE,0
"124","Chr7A_0073863652",98.7,"Chr7A_0073863652",17.7,"Chr7A_0073863652",69,"Chr7A_0073863652",98.7,"Chr7A_0073863652",98.7,"Chr7A_0073863652",0,"VRAI",1,"VRAI","VRAI","VRAI","Chr7A_0073863652","canonique","VRAI",98.7,TRUE,0
"125","Chr7A_0073891090",100,"Chr7A_0073891090",21.2,"Chr7A_0073891090",0,"Chr7A_0073891090",100,"Chr7A_0073891090",100,"Chr7A_0073891090",0,"VRAI",1,"VRAI","VRAI","VRAI","Chr7A_0073891090","canonique","VRAI",100,TRUE,0
"126","Chr7A_0073935342",98.6,"Chr7A_0073935342",17,"Chr7A_0073935342",67.5,"Chr7A_0073935342",98.6,"Chr7A_0073935342",98.7,"Chr7A_0073935342",0,"VRAI",1,"VRAI","VRAI","VRAI","Chr7A_0073935342","canonique","VRAI",98.7,FALSE,0.100000000000009
"127","Chr7A_0084104321",93.5,"Chr7A_0084104321",29.5,"Chr7A_0084104321",31.5,"Chr7A_0084104321",93.5,"Chr7A_0084104321",93.5,"Chr7A_0084104321",0,"VRAI",1,"VRAI","VRAI","VRAI","Chr7A_0084104321","NsMCG","VRAI",93.5,TRUE,0
"128","Chr7A_0087159260",96.9,"Chr7A_0087159260",0,"Chr7A_0087159260",0,"Chr7A_0087159260",96.9,"Chr7A_0087159260",88.6,"Chr7A_0087159260",0,"VRAI",1,"VRAI","VRAI","VRAI","Chr7A_0087159260","NsMCG","VRAI",96.9,TRUE,0
"129","Chr7A_0087210896",93.6,"Chr7A_0087210896",52.6,"Chr7A_0087210896",52.6,"Chr7A_0087210896",93.6,"Chr7A_0087210896",93.6,"Chr7A_0087210896",52.5,"VRAI",1,"VRAI","VRAI","VRAI","Chr7A_0087210896","canonique","VRAI",93.6,TRUE,0
"130","Chr7A_0087221092",93.6,"Chr7A_0087221092",52.1,"Chr7A_0087221092",52.1,"Chr7A_0087221092",93.6,"Chr7A_0087221092",93.6,"Chr7A_0087221092",80.4,"VRAI",1,"VRAI","VRAI","VRAI","Chr7A_0087221092","canonique","VRAI",93.6,TRUE,0
"131","Chr7A_0087236951",94,"Chr7A_0087236951",40.8,"Chr7A_0087236951",40.8,"Chr7A_0087236951",94,"Chr7A_0087236951",94,"Chr7A_0087236951",11.6,"VRAI",1,"VRAI","VRAI","VRAI","Chr7A_0087236951","NsMCG","VRAI",94,TRUE,0
"132","Chr7A_0087245294",90.2,"Chr7A_0087245294",35.2,"Chr7A_0087245294",35.2,"Chr7A_0087245294",90.2,"Chr7A_0087245294",45.7,"Chr7A_0087245294",0,"VRAI",1,"VRAI","VRAI","VRAI","Chr7A_0087245294","NsMCG","VRAI",90.2,TRUE,0
"133","Chr7A_0090437741",99.9,"Chr7A_0090437741",1.7,"Chr7A_0090437741",8.4,"Chr7A_0090437741",99.9,"Chr7A_0090437741",95.2,"Chr7A_0090437741",0,"VRAI",1,"VRAI","VRAI","VRAI","Chr7A_0090437741","NsMCG","VRAI",99.9,TRUE,0
"134","Chr7A_0092461208",91.5,"Chr7A_0092461208",42.6,"Chr7A_0092461208",63.1,"Chr7A_0092461208",91.5,"Chr7A_0092461208",79.3,"Chr7A_0092461208",0,"VRAI",1,"VRAI","VRAI","VRAI","Chr7A_0092461403","NsMCG","FAUX",91.5,TRUE,0
"135","Chr7A_0093949887",100,"Chr7A_0093949887",70.4,"Chr7A_0093949887",70.1,"Chr7A_0093949887",99.8,"Chr7A_0093949887",100,"Chr7A_0093949887",0,"VRAI",1,"VRAI","VRAI","VRAI","Chr7A_0093949887","canonique","VRAI",100,TRUE,0
"136","Chr7A_0101243452",61.8,"Chr7A_0101243452",32.5,"Chr7A_0101243452",27.4,"Chr7A_0101243452",61.8,"Chr7A_0101243452",61.9,"Chr7A_0101243452",0,"VRAI",1,"VRAI","VRAI","VRAI","Chr7A_0101244247","canonique","FAUX",61.9,FALSE,0.100000000000001
"137","Chr7A_0101595190",96.3,"Chr7A_0101595190",0,"Chr7A_0101595190",0,"Chr7A_0101595190",96.3,"Chr7A_0101595190",96.3,"Chr7A_0101595190",0,"VRAI",1,"VRAI","VRAI","VRAI","Chr7A_0101595190","NsMCG","VRAI",96.3,TRUE,0
"138","Chr7A_0108438209",100,"Chr7A_0108438209",100,"Chr7A_0108438209",100,"Chr7A_0108438209",97.9,"Chr7A_0108438209",97.9,"Chr7A_0108438209",0,"VRAI",1,"VRAI","VRAI","VRAI","Chr7A_0108438209","canonique","VRAI",100,TRUE,0
"139","Chr7A_0110493096",94.2,"Chr7A_0110493096",41.5,"Chr7A_0110493096",41.5,"Chr7A_0110493096",94.2,"Chr7A_0110493096",53.5,"Chr7A_0110493096",44.2,"VRAI",1,"VRAI","VRAI","VRAI","Chr7A_0110493162","canonique","FAUX",94.2,TRUE,0
"140","Chr7A_0110647299",100,"Chr7A_0110647299",96,"Chr7A_0110647299",96,"Chr7A_0110647299",100,"Chr7A_0110647299",100,"Chr7A_0110647299",80.6,"VRAI",1,"VRAI","VRAI","VRAI","Chr7A_0110647299","canonique","VRAI",100,TRUE,0
"141","Chr7A_0122250857",50.2,"Chr7A_0122250857",15.6,"Chr7A_0122250857",18.8,"Chr7A_0122250857",50.2,"Chr7A_0122250857",50.2,"Chr7A_0122250857",0,"VRAI",1,"VRAI","VRAI","VRAI","Chr7A_0122251961","canonique","FAUX",50.2,TRUE,0
"142","Chr7A_0122295942",89.3,"Chr7A_0122295942",74.1,"Chr7A_0122295942",76.8,"Chr7A_0122295942",89.3,"Chr7A_0122295942",89.4,"Chr7A_0122295942",0,"VRAI",1,"VRAI","VRAI","VRAI","Chr7A_0122295942","canonique","VRAI",89.4,FALSE,0.100000000000009
"143","Chr7A_0125049611",100,"Chr7A_0125049611",100,"Chr7A_0125049611",100,"Chr7A_0125049611",100,"Chr7A_0125049611",100,"Chr7A_0125049611",96.8,"VRAI",1,"VRAI","VRAI","VRAI","Chr7A_0125049611","canonique","VRAI",100,TRUE,0
"144","Chr7A_0127620845",95.8,"Chr7A_0127620845",24.6,"Chr7A_0127620845",28.5,"Chr7A_0127620845",95.4,"Chr7A_0127620845",95.8,"Chr7A_0127620845",0,"VRAI",1,"VRAI","VRAI","VRAI","Chr7A_0127620845","canonique","VRAI",95.8,TRUE,0
"145","Chr7A_0169838781",92,"Chr7A_0169838781",34.6,"Chr7A_0169838781",38.3,"Chr7A_0169838781",92,"Chr7A_0169838781",39.4,"Chr7A_0169838781",0,"VRAI",1,"VRAI","VRAI","VRAI","Chr7A_0169838781","NsMCG","VRAI",92,TRUE,0
"146","Chr7A_0174654396",100,"Chr7A_0174654396",68.5,"Chr7A_0174654396",68.5,"Chr7A_0174654396",100,"Chr7A_0174654396",100,"Chr7A_0174654396",0,"VRAI",1,"VRAI","VRAI","VRAI","Chr7A_0174654396","canonique","VRAI",100,TRUE,0
"147","Chr7A_0176381133",35.6,"Chr7A_0176381133",15,"Chr7A_0176381133",0,"Chr7A_0176381133",35.6,"Chr7A_0176381133",22.7,"Chr7A_0176381133",0,"VRAI",1,"VRAI","VRAI","VRAI","Chr7A_0176381182","canonique","FAUX",35.6,TRUE,0
"148","Chr7A_0178595528",100,"Chr7A_0178595528",100,"Chr7A_0178595528",100,"Chr7A_0178595528",100,"Chr7A_0178595528",100,"Chr7A_0178595528",0,"VRAI",1,"VRAI","VRAI","VRAI","Chr7A_0178595528","NsMCG","VRAI",100,TRUE,0
"149","Chr7A_0183887972",100,"Chr7A_0183887972",0,"Chr7A_0183887972",0,"Chr7A_0183887972",99.8,"Chr7A_0183887972",100,"Chr7A_0183887972",19.8,"VRAI",1,"VRAI","VRAI","VRAI","Chr7A_0183887972","canonique","VRAI",100,TRUE,0
"150","Chr7A_0187944172",94.7,"Chr7A_0187944172",62.9,"Chr7A_0187944172",63,"Chr7A_0187944172",94.7,"Chr7A_0187944172",32.2,"Chr7A_0187944172",0,"VRAI",1,"VRAI","VRAI","VRAI","Chr7A_0187944172","canonique","VRAI",94.7,TRUE,0
"151","Chr7A_0205308770",97.3,"Chr7A_0205308770",26.1,"Chr7A_0205308770",57.1,"Chr7A_0205308770",97.2,"Chr7A_0205308770",97.3,"Chr7A_0205308770",0,"VRAI",1,"VRAI","VRAI","VRAI","Chr7A_0205308770","canonique","VRAI",97.3,TRUE,0
"152","Chr7A_0216758294",100,"Chr7A_0216758294",50.2,"Chr7A_0216758294",0.6,"Chr7A_0216758294",100,"Chr7A_0216758294",100,"Chr7A_0216758294",0,"VRAI",1,"VRAI","VRAI","VRAI","Chr7A_0216758294","canonique","VRAI",100,TRUE,0
"153","Chr7A_0230758431",100,"Chr7A_0230758431",100,"Chr7A_0230758431",100,"Chr7A_0230758431",100,"Chr7A_0230758431",100,"Chr7A_0230758431",100,"VRAI",1,"VRAI","VRAI","VRAI","Chr7A_0230758431","canonique","VRAI",100,TRUE,0
"154","Chr7A_0231976455",100,"Chr7A_0231976455",0,"Chr7A_0231976455",0,"Chr7A_0231976455",99.7,"Chr7A_0231976455",99.7,"Chr7A_0231976455",100,"VRAI",1,"VRAI","VRAI","VRAI","Chr7A_0231976455","canonique","VRAI",100,TRUE,0
"155","Chr7A_0243070586",97.2,"Chr7A_0243070586",27.8,"Chr7A_0243070586",29.4,"Chr7A_0243070586",97.2,"Chr7A_0243070586",97.3,"Chr7A_0243070586",55.8,"VRAI",1,"VRAI","VRAI","VRAI","Chr7A_0243070586","canonique","VRAI",97.3,FALSE,0.0999999999999943
"156","Chr7A_0279618924",90.6,"Chr7A_0279618924",49.5,"Chr7A_0279618924",49.5,"Chr7A_0279618924",90.6,"Chr7A_0279618924",90.6,"Chr7A_0279618924",0,"VRAI",1,"VRAI","VRAI","VRAI","Chr7A_0279619002","canonique","FAUX",90.6,TRUE,0
"157","Chr7A_0279723788",74.2,"Chr7A_0279723788",74.2,"Chr7A_0279723788",20.2,"Chr7A_0279723788",20.3,"Chr7A_0279723788",20.3,"Chr7A_0279723788",24,"VRAI",1,"VRAI","VRAI","VRAI","Chr7A_0279723788","NsMCG","VRAI",74.2,TRUE,0
"158","Chr7A_0385674604",96.2,"Chr7A_0385674604",0.8,"Chr7A_0385674604",96.2,"Chr7A_0385674604",95.1,"Chr7A_0385674604",95.2,"Chr7A_0385674604",0,"VRAI",1,"VRAI","VRAI","VRAI","Chr7A_0385674673","canonique","FAUX",96.2,TRUE,0
"159","Chr7A_0443030834",100,"Chr7A_0443030834",87.9,"Chr7A_0443030834",100,"Chr7A_0443030834",100,"Chr7A_0443030834",100,"Chr7A_0443030834",0,"VRAI",1,"VRAI","VRAI","VRAI","Chr7A_0443030834","canonique","VRAI",100,TRUE,0
"160","Chr7A_0462698283",98,"Chr7A_0462698283",38.6,"Chr7A_0462698283",0,"Chr7A_0462698283",98,"Chr7A_0462698283",98,"Chr7A_0462698283",0,"VRAI",1,"VRAI","VRAI","VRAI","Chr7A_0462698283","canonique","VRAI",98,TRUE,0
"161","Chr7A_0497934918",98,"Chr7A_0497934918",14.2,"Chr7A_0497934918",90.4,"Chr7A_0497934918",98,"Chr7A_0497934918",90.1,"Chr7A_0497934918",0,"VRAI",1,"VRAI","VRAI","VRAI","Chr7A_0497934918","NsMCG","VRAI",98,TRUE,0
"162","Chr7A_0499233351",99.1,"Chr7A_0499233351",28.2,"Chr7A_0499233351",99.1,"Chr7A_0499233351",99,"Chr7A_0499233351",99.1,"Chr7A_0499233351",0,"VRAI",1,"VRAI","VRAI","VRAI","Chr7A_0499233351","canonique","VRAI",99.1,TRUE,0
"163","Chr7A_0505645168",100,"Chr7A_0505645168",100,"Chr7A_0505645168",100,"Chr7A_0505645168",100,"Chr7A_0505645168",100,"Chr7A_0505645168",100,"VRAI",1,"VRAI","VRAI","VRAI","Chr7A_0505645168","canonique","VRAI",100,TRUE,0
"164","Chr7A_0528250998",100,"Chr7A_0528250998",0,"Chr7A_0528250998",0,"Chr7A_0528250998",100,"Chr7A_0528250998",100,"Chr7A_0528250998",0,"VRAI",1,"VRAI","VRAI","VRAI","Chr7A_0528250998","canonique","VRAI",100,TRUE,0
"165","Chr7A_0535046530",100,"Chr7A_0535046530",33,"Chr7A_0535046530",100,"Chr7A_0535046530",100,"Chr7A_0535046530",100,"Chr7A_0535046530",84.6,"VRAI",1,"VRAI","VRAI","VRAI","Chr7A_0535046530","canonique","VRAI",100,TRUE,0
"166","Chr7A_0546202440",100,"Chr7A_0546202440",100,"Chr7A_0546202440",100,"Chr7A_0546202440",100,"Chr7A_0546202440",100,"Chr7A_0546202440",0,"VRAI",1,"VRAI","VRAI","VRAI","Chr7A_0546202440","canonique","VRAI",100,TRUE,0
"167","Chr7A_0551824516",99.7,"Chr7A_0551824516",0,"Chr7A_0551824516",0,"Chr7A_0551824516",99.7,"Chr7A_0551824516",55.8,"Chr7A_0551824516",45.8,"VRAI",1,"VRAI","VRAI","VRAI","Chr7A_0551824516","NsMCG","VRAI",99.7,TRUE,0
"168","Chr7A_0552413744",100,"Chr7A_0552413744",1.9,"Chr7A_0552413744",100,"Chr7A_0552413744",100,"Chr7A_0552413744",100,"Chr7A_0552413744",0,"VRAI",1,"VRAI","VRAI","VRAI","Chr7A_0552413744","NsMCG","VRAI",100,TRUE,0
"169","Chr7A_0552517917",100,"Chr7A_0552517917",97.8,"Chr7A_0552517917",0,"Chr7A_0552517917",100,"Chr7A_0552517917",100,"Chr7A_0552517917",0,"VRAI",1,"VRAI","VRAI","VRAI","Chr7A_0552517917","canonique","VRAI",100,TRUE,0
"170","Chr7A_0552573092",100,"Chr7A_0552573092",0,"Chr7A_0552573092",0,"Chr7A_0552573092",100,"Chr7A_0552573092",100,"Chr7A_0552573092",0,"VRAI",1,"VRAI","VRAI","VRAI","Chr7A_0552573092","NsMCG","VRAI",100,TRUE,0
"171","Chr7A_0552983978",100,"Chr7A_0552983978",46.4,"Chr7A_0552983978",100,"Chr7A_0552983978",100,"Chr7A_0552983978",100,"Chr7A_0552983978",0,"VRAI",1,"VRAI","VRAI","VRAI","Chr7A_0552983978","canonique","VRAI",100,TRUE,0
"172","Chr7A_0553068632",100,"Chr7A_0553068632",72.2,"Chr7A_0553068632",37.5,"Chr7A_0553068632",100,"Chr7A_0553068632",42.3,"Chr7A_0553068632",34.9,"VRAI",1,"VRAI","VRAI","VRAI","Chr7A_0553068632","NsMCG","VRAI",100,TRUE,0
"173","Chr7A_0553285475",100,"Chr7A_0553285475",68.8,"Chr7A_0553285475",74.7,"Chr7A_0553285475",100,"Chr7A_0553285475",100,"Chr7A_0553285475",14.2,"VRAI",1,"VRAI","VRAI","VRAI","Chr7A_0553285475","canonique","VRAI",100,TRUE,0
"174","Chr7A_0553394226",98.3,"Chr7A_0553394226",39.9,"Chr7A_0553394226",0,"Chr7A_0553394226",98.3,"Chr7A_0553394226",98.3,"Chr7A_0553394226",16.2,"VRAI",1,"VRAI","VRAI","VRAI","Chr7A_0553394226","NsMCG","VRAI",98.3,TRUE,0
"175","Chr7A_0553876738",100,"Chr7A_0553876738",0,"Chr7A_0553876738",32.2,"Chr7A_0553876738",100,"Chr7A_0553876738",65.1,"Chr7A_0553876738",25.6,"VRAI",1,"VRAI","VRAI","VRAI","Chr7A_0553876738","NsMCG","VRAI",100,TRUE,0
"176","Chr7A_0553883024",98.4,"Chr7A_0553883024",40.8,"Chr7A_0553883024",0,"Chr7A_0553883024",98.4,"Chr7A_0553883024",59.7,"Chr7A_0553883024",0,"VRAI",1,"VRAI","VRAI","VRAI","Chr7A_0553883024","canonique","VRAI",98.4,TRUE,0
"177","Chr7A_0553897642",96.3,"Chr7A_0553897642",35.8,"Chr7A_0553897642",0,"Chr7A_0553897642",96.3,"Chr7A_0553897642",53.6,"Chr7A_0553897642",0,"VRAI",1,"VRAI","VRAI","VRAI","Chr7A_0553897642","NsMCG","VRAI",96.3,TRUE,0
"178","Chr7A_0554537280",94.3,"Chr7A_0554537280",4.9,"Chr7A_0554537280",79.8,"Chr7A_0554537280",94.3,"Chr7A_0554537280",94.3,"Chr7A_0554537280",0,"VRAI",1,"VRAI","VRAI","VRAI","Chr7A_0554537391","canonique","FAUX",94.3,TRUE,0
"179","Chr7A_0554562555",100,"Chr7A_0554562555",100,"Chr7A_0554562555",100,"Chr7A_0554562555",100,"Chr7A_0554562555",100,"Chr7A_0554562555",100,"VRAI",1,"VRAI","VRAI","VRAI","Chr7A_0554562555","canonique","VRAI",100,TRUE,0
"180","Chr7A_0560219280",85.8,"Chr7A_0560219280",13.8,"Chr7A_0560219280",41.3,"Chr7A_0560219280",85.8,"Chr7A_0560219280",85.8,"Chr7A_0560219280",0,"VRAI",1,"VRAI","VRAI","VRAI","Chr7A_0560219706","canonique","FAUX",85.8,TRUE,0
"181","Chr7A_0566405387",97.1,"Chr7A_0566405387",53.3,"Chr7A_0566405387",97.1,"Chr7A_0566405387",95.8,"Chr7A_0566405387",95.8,"Chr7A_0566405387",0,"VRAI",1,"VRAI","VRAI","VRAI","Chr7A_0566405492","canonique","FAUX",97.1,TRUE,0
"182","Chr7A_0574933019",98.2,"Chr7A_0574933019",4.4,"Chr7A_0574933019",0,"Chr7A_0574933019",98.2,"Chr7A_0574933019",98.3,"Chr7A_0574933019",0,"VRAI",1,"VRAI","VRAI","VRAI","Chr7A_0574933019","canonique","VRAI",98.3,FALSE,0.0999999999999943
"183","Chr7A_0579666803",90.3,"Chr7A_0579666803",10.3,"Chr7A_0579666803",0,"Chr7A_0579666803",90.3,"Chr7A_0579666803",90.3,"Chr7A_0579666803",0,"VRAI",1,"VRAI","VRAI","VRAI","Chr7A_0579666942","canonique","FAUX",90.3,TRUE,0
"184","Chr7A_0592076331",100,"Chr7A_0592076331",7.6,"Chr7A_0592076331",14.9,"Chr7A_0592076331",100,"Chr7A_0592076331",84.7,"Chr7A_0592076331",0,"VRAI",1,"VRAI","VRAI","VRAI","Chr7A_0592076331","NsMCG","VRAI",100,TRUE,0
"185","Chr7A_0592228841",98.5,"Chr7A_0592228841",33.6,"Chr7A_0592228841",0,"Chr7A_0592228841",98.5,"Chr7A_0592228841",8.9,"Chr7A_0592228841",0,"VRAI",1,"VRAI","VRAI","VRAI","Chr7A_0592228841","NsMCG","VRAI",98.5,TRUE,0
"186","Chr7A_0592319156",99.9,"Chr7A_0592319156",32.3,"Chr7A_0592319156",22.5,"Chr7A_0592319156",99.9,"Chr7A_0592319156",22.7,"Chr7A_0592319156",0,"VRAI",1,"VRAI","VRAI","VRAI","Chr7A_0592319156","NsMCG","VRAI",99.9,TRUE,0
"187","Chr7A_0606612361",96.4,"Chr7A_0606612361",96.4,"Chr7A_0606612361",72.8,"Chr7A_0606612361",96.4,"Chr7A_0606612361",72.8,"Chr7A_0606612361",0,"VRAI",1,"VRAI","VRAI","VRAI","Chr7A_0606612424","NsMCG","FAUX",96.4,TRUE,0
"188","Chr7A_0609798264",71.2,"Chr7A_0609798264",71.2,"Chr7A_0609798264",71.2,"Chr7A_0609798264",71.2,"Chr7A_0609798264",71.2,"Chr7A_0609798264",0,"VRAI",1,"VRAI","VRAI","VRAI","Chr7A_0609798420","canonique","FAUX",71.2,TRUE,0
"189","Chr7A_0609850151",82.8,"Chr7A_0609850151",82.8,"Chr7A_0609850151",82.8,"Chr7A_0609850151",82.8,"Chr7A_0609850151",82.8,"Chr7A_0609850151",0,"VRAI",1,"VRAI","VRAI","VRAI","Chr7A_0609850277","canonique","FAUX",82.8,TRUE,0
"190","Chr7A_0615568914",96.7,"Chr7A_0615568914",96.7,"Chr7A_0615568914",0,"Chr7A_0615568914",100,"Chr7A_0615568914",100,"Chr7A_0615568914",0,"VRAI",1,"VRAI","VRAI","VRAI","Chr7A_0615568914","NsMCG","VRAI",100,FALSE,3.3
"191","Chr7A_0623593177",94,"Chr7A_0623593177",5.2,"Chr7A_0623593177",2.9,"Chr7A_0623593177",94,"Chr7A_0623593177",1.5,"Chr7A_0623593177",0,"VRAI",1,"VRAI","VRAI","VRAI","Chr7A_0623593269","NsMCG","FAUX",94,TRUE,0
"192","Chr7A_0627161937",95.6,"Chr7A_0627161937",95.6,"Chr7A_0627161937",95.6,"Chr7A_0627161937",95.6,"Chr7A_0627161937",95.6,"Chr7A_0627161937",0,"VRAI",1,"VRAI","VRAI","VRAI","Chr7A_0627161937","canonique","VRAI",95.6,TRUE,0
"193","Chr7A_0628164916",96,"Chr7A_0628164916",51.3,"Chr7A_0628164916",6.4,"Chr7A_0628164916",95.8,"Chr7A_0628164916",96,"Chr7A_0628164916",0,"VRAI",1,"VRAI","VRAI","VRAI","Chr7A_0628164916","canonique","VRAI",96,TRUE,0
"194","Chr7A_0628216347",100,"Chr7A_0628216347",41.2,"Chr7A_0628216347",41.2,"Chr7A_0628216347",100,"Chr7A_0628216347",100,"Chr7A_0628216347",0,"VRAI",1,"VRAI","VRAI","VRAI","Chr7A_0628216347","NsMCG","VRAI",100,TRUE,0
"195","Chr7A_0628575407",100,"Chr7A_0628575407",8.9,"Chr7A_0628575407",31.4,"Chr7A_0628575407",100,"Chr7A_0628575407",100,"Chr7A_0628575407",24.8,"VRAI",1,"VRAI","VRAI","VRAI","Chr7A_0628575407","canonique","VRAI",100,TRUE,0
"196","Chr7A_0637709821",98,"Chr7A_0637709821",0,"Chr7A_0637709821",0,"Chr7A_0637709821",98,"Chr7A_0637709821",19.1,"Chr7A_0637709821",69.6,"VRAI",1,"VRAI","VRAI","VRAI","Chr7A_0637709884","canonique","FAUX",98,TRUE,0
"197","Chr7A_0639710357",97.3,"Chr7A_0639710357",100,"Chr7A_0639710357",100,"Chr7A_0639710357",97.3,"Chr7A_0639710357",97.3,"Chr7A_0639710357",0,"VRAI",1,"VRAI","VRAI","VRAI","Chr7A_0639710357","canonique","VRAI",100,FALSE,2.7
"198","Chr7A_0639719066",100,"Chr7A_0639719066",82.7,"Chr7A_0639719066",82.7,"Chr7A_0639719066",100,"Chr7A_0639719066",100,"Chr7A_0639719066",0,"VRAI",1,"VRAI","VRAI","VRAI","Chr7A_0639719066","canonique","VRAI",100,TRUE,0
"199","Chr7A_0639900145",100,"Chr7A_0639900145",100,"Chr7A_0639900145",100,"Chr7A_0639900145",100,"Chr7A_0639900145",100,"Chr7A_0639900145",0,"VRAI",1,"VRAI","VRAI","VRAI","Chr7A_0639900145","canonique","VRAI",100,TRUE,0
"200","Chr7A_0651831139",100,"Chr7A_0651831139",100,"Chr7A_0651831139",38,"Chr7A_0651831139",100,"Chr7A_0651831139",38,"Chr7A_0651831139",38.6,"VRAI",1,"VRAI","VRAI","VRAI","Chr7A_0651831139","NsMCG","VRAI",100,TRUE,0
"201","Chr7A_0656198271",100,"Chr7A_0656198271",100,"Chr7A_0656198271",22,"Chr7A_0656198271",100,"Chr7A_0656198271",22,"Chr7A_0656198271",0,"VRAI",1,"VRAI","VRAI","VRAI","Chr7A_0656198271","NsMCG","VRAI",100,TRUE,0
"202","Chr7A_0668007375",99.8,"Chr7A_0668007375",60.8,"Chr7A_0668007375",99.8,"Chr7A_0668007375",99.8,"Chr7A_0668007375",86.9,"Chr7A_0668007375",82.6,"VRAI",1,"VRAI","VRAI","VRAI","Chr7A_0668007375","canonique","VRAI",99.8,TRUE,0
"203","Chr7A_0671045351",99,"Chr7A_0671045351",18.6,"Chr7A_0671045351",32.1,"Chr7A_0671045351",99,"Chr7A_0671045351",99,"Chr7A_0671045351",0,"VRAI",1,"VRAI","VRAI","VRAI","Chr7A_0671045351","canonique","VRAI",99,TRUE,0
"204","Chr7A_0671735299",55.9,"Chr7A_0671735299",7.4,"Chr7A_0671735299",55.9,"Chr7A_0671735299",55.9,"Chr7A_0671735299",55.9,"Chr7A_0671735299",0,"VRAI",1,"VRAI","VRAI","VRAI","Chr7A_0671746009","canonique","FAUX",55.9,TRUE,0
"205","Chr7A_0671853594",95.1,"Chr7A_0671853594",14.9,"Chr7A_0671853594",95.1,"Chr7A_0671853594",95.1,"Chr7A_0671853594",95.1,"Chr7A_0671853594",95.1,"VRAI",1,"VRAI","VRAI","VRAI","Chr7A_0671853594","canonique","VRAI",95.1,TRUE,0
"206","Chr7A_0677272122",97.2,"Chr7A_0677272122",33,"Chr7A_0677272122",18.5,"Chr7A_0677272122",97.2,"Chr7A_0677272122",23.8,"Chr7A_0677272122",0,"VRAI",1,"VRAI","VRAI","VRAI","Chr7A_0677272122","NsMCG","VRAI",97.2,TRUE,0
"207","Chr7A_0678720545",100,"Chr7A_0678720545",0,"Chr7A_0678720545",0,"Chr7A_0678720545",100,"Chr7A_0678720545",100,"Chr7A_0678720545",0,"VRAI",1,"VRAI","VRAI","VRAI","Chr7A_0678720545","NsMCG","VRAI",100,TRUE,0
"208","Chr7A_0681705678",98.2,"Chr7A_0681705678",77.4,"Chr7A_0681705678",77.4,"Chr7A_0681705678",98.2,"Chr7A_0681705678",98.2,"Chr7A_0681705678",50.9,"VRAI",1,"VRAI","VRAI","VRAI","Chr7A_0681705678","canonique","VRAI",98.2,TRUE,0
"209","Chr7A_0681738093",99.1,"Chr7A_0681738093",65.3,"Chr7A_0681738093",65.3,"Chr7A_0681738093",99.1,"Chr7A_0681738093",99.1,"Chr7A_0681738093",0,"VRAI",1,"VRAI","VRAI","VRAI","Chr7A_0681738093","NsMCG","VRAI",99.1,TRUE,0
"210","Chr7A_0682304165",99.5,"Chr7A_0682304165",22.7,"Chr7A_0682304165",29.3,"Chr7A_0682304165",99.5,"Chr7A_0682304165",92.4,"Chr7A_0682304165",37.4,"VRAI",1,"VRAI","VRAI","VRAI","Chr7A_0682304165","NsMCG","VRAI",99.5,TRUE,0
"211","Chr7A_0690887925",88.5,"Chr7A_0690887925",0,"Chr7A_0690887925",0,"Chr7A_0690887925",88.5,"Chr7A_0690887925",88.7,"Chr7A_0690887925",23.1,"VRAI",1,"VRAI","VRAI","VRAI","Chr7A_0690887991","NsMCG","FAUX",88.7,FALSE,0.200000000000003
"212","Chr7A_0691358438",91,"Chr7A_0691358438",4.7,"Chr7A_0691358438",3.5,"Chr7A_0691358438",91,"Chr7A_0691358438",91,"Chr7A_0691358438",0,"VRAI",1,"VRAI","VRAI","VRAI","Chr7A_0691358438","canonique","VRAI",91,TRUE,0
"213","Chr7A_0693389734",100,"Chr7A_0693389734",11.9,"Chr7A_0693389734",100,"Chr7A_0693389734",100,"Chr7A_0693389734",100,"Chr7A_0693389734",0,"VRAI",1,"VRAI","VRAI","VRAI","Chr7A_0693389734","canonique","VRAI",100,TRUE,0
"214","Chr7A_0701375168",100,"Chr7A_0701375168",21.9,"Chr7A_0701375168",33.8,"Chr7A_0701375168",100,"Chr7A_0701375168",33.8,"Chr7A_0701375168",26,"VRAI",1,"VRAI","VRAI","VRAI","Chr7A_0701375168","NsMCG","VRAI",100,TRUE,0
"215","Chr7A_0702319259",92.5,"Chr7A_0702319259",57.7,"Chr7A_0702319259",92.4,"Chr7A_0702319259",92.5,"Chr7A_0702319259",92.5,"Chr7A_0702319259",0,"VRAI",1,"VRAI","VRAI","VRAI","Chr7A_0702319472","canonique","FAUX",92.5,TRUE,0
"216","Chr7A_0709180130",100,"Chr7A_0709180130",8,"Chr7A_0709180130",0,"Chr7A_0709180130",100,"Chr7A_0709180130",34.2,"Chr7A_0709180130",0,"VRAI",1,"VRAI","VRAI","VRAI","Chr7A_0709180130","NsMCG","VRAI",100,TRUE,0
"217","Chr7A_0710372769",41.8,"Chr7A_0710372769",0,"Chr7A_0710372769",0,"Chr7A_0710372769",41.8,"Chr7A_0710372769",41.8,"Chr7A_0710372769",0,"VRAI",1,"VRAI","VRAI","VRAI","Chr7A_0710372769","canonique","VRAI",41.8,TRUE,0
"218","Chr7A_0712955449",97.7,"Chr7A_0712955449",3.2,"Chr7A_0712955449",31,"Chr7A_0712955449",97.7,"Chr7A_0712955449",97.7,"Chr7A_0712955449",0,"VRAI",1,"VRAI","VRAI","VRAI","Chr7A_0712955449","NsMCG","VRAI",97.7,TRUE,0
"219","Chr7A_0712996561",96.2,"Chr7A_0712996561",0,"Chr7A_0712996561",0,"Chr7A_0712996561",96.2,"Chr7A_0712996561",5.2,"Chr7A_0712996561",0,"VRAI",1,"VRAI","VRAI","VRAI","Chr7A_0712996561","NsMCG","VRAI",96.2,TRUE,0
"220","Chr7A_0714268791",71.6,"Chr7A_0714268791",71.6,"Chr7A_0714268791",39.4,"Chr7A_0714268791",71.6,"Chr7A_0714268791",39.4,"Chr7A_0714268791",0,"VRAI",1,"VRAI","VRAI","VRAI","Chr7A_0714279073","NsMCG","FAUX",71.6,TRUE,0
"221","Chr7A_0714300927",78,"Chr7A_0714300927",78,"Chr7A_0714300927",78.1,"Chr7A_0714300927",78,"Chr7A_0714300927",78.1,"Chr7A_0714300927",0,"VRAI",1,"VRAI","VRAI","VRAI","Chr7A_0714302923","NsMCG","FAUX",78.1,FALSE,0.0999999999999943
"222","Chr7A_0714364727",80.6,"Chr7A_0714364727",22.7,"Chr7A_0714364727",47.8,"Chr7A_0714364727",80.6,"Chr7A_0714364727",61.9,"Chr7A_0714364727",0,"VRAI",1,"VRAI","VRAI","VRAI","Chr7A_0714365117","NsMCG","FAUX",80.6,TRUE,0
"223","Chr7A_0720906596",97.1,"Chr7A_0720906596",9.7,"Chr7A_0720906596",83.4,"Chr7A_0720906596",54.1,"Chr7A_0720906596",54.1,"Chr7A_0720906596",97.1,"VRAI",1,"VRAI","VRAI","VRAI","Chr7A_0720906668","canonique","FAUX",97.1,TRUE,0
"224","Chr7A_0722950358",77.7,"Chr7A_0722950358",43.3,"Chr7A_0722950358",43.3,"Chr7A_0722950358",91.3,"Chr7A_0722950358",77.7,"Chr7A_0722950358",0,"VRAI",1,"VRAI","VRAI","VRAI","Chr7A_0722950358","NsMCG","VRAI",91.3,FALSE,13.6
"225","Chr7A_0725782653",77.3,"Chr7A_0725782653",8,"Chr7A_0725782653",8,"Chr7A_0725782653",77.3,"Chr7A_0725782653",37.4,"Chr7A_0725782653",0,"VRAI",1,"VRAI","VRAI","VRAI","Chr7A_0725782653","NsMCG","VRAI",77.3,TRUE,0
"226","Chr7A_0726004250",97.3,"Chr7A_0726004250",2.5,"Chr7A_0726004250",0,"Chr7A_0726004250",97.3,"Chr7A_0726004250",97.3,"Chr7A_0726004250",0,"VRAI",1,"VRAI","VRAI","VRAI","Chr7A_0726004250","canonique","VRAI",97.3,TRUE,0
"227","Chr7A_0726233853",94.5,"Chr7A_0726233853",8.4,"Chr7A_0726233853",0,"Chr7A_0726233853",94.3,"Chr7A_0726233853",94.5,"Chr7A_0726233853",0,"VRAI",1,"VRAI","VRAI","VRAI","Chr7A_0726233853","canonique","VRAI",94.5,TRUE,0
"228","Chr7A_0726544341",97.8,"Chr7A_0726544341",10.4,"Chr7A_0726544341",22.6,"Chr7A_0726544341",97.8,"Chr7A_0726544341",36.8,"Chr7A_0726544341",0,"VRAI",1,"VRAI","VRAI","VRAI","Chr7A_0726544341","NsMCG","VRAI",97.8,TRUE,0
"229","Chr7A_0726662042",98.3,"Chr7A_0726662042",54.5,"Chr7A_0726662042",74.1,"Chr7A_0726662042",98.3,"Chr7A_0726662042",98.5,"Chr7A_0726662042",43.7,"VRAI",1,"VRAI","VRAI","VRAI","Chr7A_0726662042","canonique","VRAI",98.5,FALSE,0.200000000000003
"230","Chr7A_0726694395",98.8,"Chr7A_0726694395",38.1,"Chr7A_0726694395",58.4,"Chr7A_0726694395",98.8,"Chr7A_0726694395",37.7,"Chr7A_0726694395",0,"VRAI",1,"VRAI","VRAI","VRAI","Chr7A_0726694395","NsMCG","VRAI",98.8,TRUE,0
"231","Chr7A_0726778041",92.1,"Chr7A_0726778041",79.1,"Chr7A_0726778041",14.4,"Chr7A_0726778041",92.1,"Chr7A_0726778041",14.4,"Chr7A_0726778041",0,"VRAI",1,"VRAI","VRAI","VRAI","Chr7A_0726778125","NsMCG","FAUX",92.1,TRUE,0
"232","Chr7A_0726795732",97.2,"Chr7A_0726795732",16.6,"Chr7A_0726795732",9,"Chr7A_0726795732",97.1,"Chr7A_0726795732",97.2,"Chr7A_0726795732",0,"VRAI",1,"VRAI","VRAI","VRAI","Chr7A_0726795732","NsMCG","VRAI",97.2,TRUE,0
"233","Chr7A_0726804114",96.9,"Chr7A_0726804114",21.9,"Chr7A_0726804114",3.4,"Chr7A_0726804114",96.9,"Chr7A_0726804114",13.6,"Chr7A_0726804114",3.3,"VRAI",1,"VRAI","VRAI","VRAI","Chr7A_0726804114","NsMCG","VRAI",96.9,TRUE,0
"234","Chr7A_0729823524",56,"Chr7A_0729823524",34.9,"Chr7A_0729823524",18.6,"Chr7A_0729823524",56,"Chr7A_0729823524",56,"Chr7A_0729823524",0,"VRAI",1,"VRAI","VRAI","VRAI","Chr7A_0729823524","NsMCG","VRAI",56,TRUE,0
"235","Chr7A_0730382911",99.2,"Chr7A_0730382911",15.6,"Chr7A_0730382911",31,"Chr7A_0730382911",99.2,"Chr7A_0730382911",99.2,"Chr7A_0730382911",5.9,"VRAI",1,"VRAI","VRAI","VRAI","Chr7A_0730382911","canonique","VRAI",99.2,TRUE,0
"236","Chr7A_0732211246",96.4,"Chr7A_0732211246",26.5,"Chr7A_0732211246",41,"Chr7A_0732211246",96.4,"Chr7A_0732211246",96.5,"Chr7A_0732211246",12.2,"VRAI",1,"VRAI","VRAI","VRAI","Chr7A_0732211246","canonique","VRAI",96.5,FALSE,0.0999999999999943
"237","Chr7A_0739310189",95.3,"Chr7A_0739310189",17.4,"Chr7A_0739310189",0,"Chr7A_0739310189",95.3,"Chr7A_0739310189",56.5,"Chr7A_0739310189",12.4,"VRAI",1,"VRAI","VRAI","VRAI","Chr7A_0739310336","NsMCG","FAUX",95.3,TRUE,0
"238","Chr7A_0739314564",100,"Chr7A_0739314564",30.3,"Chr7A_0739314564",0,"Chr7A_0739314564",100,"Chr7A_0739314564",100,"Chr7A_0739314564",0,"VRAI",1,"VRAI","VRAI","VRAI","Chr7A_0739314564","canonique","VRAI",100,TRUE,0
"239","Chr7A_0740400018",99.2,"Chr7A_0740400018",0,"Chr7A_0740400018",0,"Chr7A_0740400018",99.2,"Chr7A_0740400018",99.2,"Chr7A_0740400018",0,"VRAI",1,"VRAI","VRAI","VRAI","Chr7A_0740400039","NsMCG","FAUX",99.2,TRUE,0
"240","Chr7A_0740483105",100,"Chr7A_0740483105",0,"Chr7A_0740483105",0,"Chr7A_0740483105",100,"Chr7A_0740483105",100,"Chr7A_0740483105",0,"VRAI",1,"VRAI","VRAI","VRAI","Chr7A_0740483105","NsMCG","VRAI",100,TRUE,0
"241","Chr7A_0740619114",98.3,"Chr7A_0740619114",0,"Chr7A_0740619114",0,"Chr7A_0740619114",98.3,"Chr7A_0740619114",86.1,"Chr7A_0740619114",0,"VRAI",1,"VRAI","VRAI","VRAI","Chr7A_0740619114","NsMCG","VRAI",98.3,TRUE,0
"242","Chr7A_0742026637",98.8,"Chr7A_0742026637",79,"Chr7A_0742026637",26.4,"Chr7A_0742026637",98.8,"Chr7A_0742026637",26.4,"Chr7A_0742026637",0,"VRAI",1,"VRAI","VRAI","VRAI","Chr7A_0742026637","NsMCG","VRAI",98.8,TRUE,0
"243","Chr7A_0742052920",98.9,"Chr7A_0742052920",0,"Chr7A_0742052920",0,"Chr7A_0742052920",98.9,"Chr7A_0742052920",64.5,"Chr7A_0742052920",0,"VRAI",1,"VRAI","VRAI","VRAI","Chr7A_0742052920","NsMCG","VRAI",98.9,TRUE,0
"244","Chr7A_0742132961",80.5,"Chr7A_0742132961",65.5,"Chr7A_0742132961",65.6,"Chr7A_0742132961",80.5,"Chr7A_0742132961",80.5,"Chr7A_0742132961",4.6,"VRAI",1,"VRAI","VRAI","VRAI","Chr7A_0742132961","NsMCG","VRAI",80.5,TRUE,0
"245","Chr7A_0742176741",98,"Chr7A_0742176741",23,"Chr7A_0742176741",41.2,"Chr7A_0742176741",98,"Chr7A_0742176741",62.8,"Chr7A_0742176741",0,"VRAI",1,"VRAI","VRAI","VRAI","Chr7A_0742176741","NsMCG","VRAI",98,TRUE,0
"246","Chr7A_0742601338",88.9,"Chr7A_0742601338",78.6,"Chr7A_0742601338",6.8,"Chr7A_0742601338",88.9,"Chr7A_0742601338",6.8,"Chr7A_0742601338",0,"VRAI",1,"VRAI","VRAI","VRAI","Chr7A_0742601338","NsMCG","VRAI",88.9,TRUE,0
"247","Chr7A_0745835534",100,"Chr7A_0745835534",100,"Chr7A_0745835534",100,"Chr7A_0745835534",100,"Chr7A_0745835534",100,"Chr7A_0745835534",100,"VRAI",1,"VRAI","VRAI","VRAI","Chr7A_0745835534","canonique","VRAI",100,TRUE,0
"248","Chr7A_0746343237",92.9,"Chr7A_0746343237",7.4,"Chr7A_0746343237",11.5,"Chr7A_0746343237",92.9,"Chr7A_0746343237",73.5,"Chr7A_0746343237",0,"VRAI",1,"VRAI","VRAI","VRAI","Chr7A_0746343237","NsMCG","VRAI",92.9,TRUE,0
"249","Chr7A_0747715935",93.5,"Chr7A_0747715935",51.2,"Chr7A_0747715935",51.2,"Chr7A_0747715935",93.5,"Chr7A_0747715935",42.2,"Chr7A_0747715935",0,"VRAI",1,"VRAI","VRAI","VRAI","Chr7A_0747715935","NsMCG","VRAI",93.5,TRUE,0
"250","Chr7A_0747822895",94.1,"Chr7A_0747822895",58.5,"Chr7A_0747822895",58.5,"Chr7A_0747822895",94.1,"Chr7A_0747822895",75.8,"Chr7A_0747822895",8.4,"VRAI",1,"VRAI","VRAI","VRAI","Chr7A_0747822895","canonique","VRAI",94.1,TRUE,0
"251","Chr7A_0747835925",94.1,"Chr7A_0747835925",58.5,"Chr7A_0747835925",58.5,"Chr7A_0747835925",94.1,"Chr7A_0747835925",75.8,"Chr7A_0747835925",8.4,"VRAI",1,"VRAI","VRAI","VRAI","Chr7A_0747835925","canonique","VRAI",94.1,TRUE,0
"252","Chr7A_0747848955",84.2,"Chr7A_0747848955",58,"Chr7A_0747848955",58,"Chr7A_0747848955",84.2,"Chr7A_0747848955",84.2,"Chr7A_0747848955",8.3,"VRAI",1,"VRAI","VRAI","VRAI","Chr7A_0747848955","canonique","VRAI",84.2,TRUE,0
"253","Chr7A_0747873065",96.4,"Chr7A_0747873065",53.7,"Chr7A_0747873065",53.7,"Chr7A_0747873065",96.4,"Chr7A_0747873065",37.9,"Chr7A_0747873065",8.3,"VRAI",1,"VRAI","VRAI","VRAI","Chr7A_0747873065","NsMCG","VRAI",96.4,TRUE,0
"254","Chr7A_0747897194",93.3,"Chr7A_0747897194",58,"Chr7A_0747897194",58,"Chr7A_0747897194",93.3,"Chr7A_0747897194",75.2,"Chr7A_0747897194",8.3,"VRAI",1,"VRAI","VRAI","VRAI","Chr7A_0747897194","canonique","VRAI",93.3,TRUE,0
"255","Chr7A_0747921328",91.6,"Chr7A_0747921328",58,"Chr7A_0747921328",58,"Chr7A_0747921328",91.6,"Chr7A_0747921328",91.6,"Chr7A_0747921328",8.3,"VRAI",1,"VRAI","VRAI","VRAI","Chr7A_0747921328","canonique","VRAI",91.6,TRUE,0
"256","Chr7A_0748204451",99.1,"Chr7A_0748204451",38.1,"Chr7A_0748204451",38.1,"Chr7A_0748204451",99.1,"Chr7A_0748204451",48.2,"Chr7A_0748204451",9.9,"VRAI",1,"VRAI","VRAI","VRAI","Chr7A_0748204451","NsMCG","VRAI",99.1,TRUE,0
"257","Chr7A_0748225277",100,"Chr7A_0748225277",5.2,"Chr7A_0748225277",100,"Chr7A_0748225277",100,"Chr7A_0748225277",100,"Chr7A_0748225277",0,"VRAI",1,"VRAI","VRAI","VRAI","Chr7A_0748225277","NsMCG","VRAI",100,TRUE,0
"258","Chr7A_0748461853",100,"Chr7A_0748461853",11.5,"Chr7A_0748461853",21.5,"Chr7A_0748461853",100,"Chr7A_0748461853",21.5,"Chr7A_0748461853",0,"VRAI",1,"VRAI","VRAI","VRAI","Chr7A_0748461853","NsMCG","VRAI",100,TRUE,0
"259","Chr7A_0748539024",99,"Chr7A_0748539024",99,"Chr7A_0748539024",99,"Chr7A_0748539024",98.9,"Chr7A_0748539024",98.9,"Chr7A_0748539024",59.7,"VRAI",1,"VRAI","VRAI","VRAI","Chr7A_0748539153","canonique","FAUX",99,TRUE,0
"260","Chr7A_0748550870",96.2,"Chr7A_0748550870",26.9,"Chr7A_0748550870",26.8,"Chr7A_0748550870",96.2,"Chr7A_0748550870",96.2,"Chr7A_0748550870",32.7,"VRAI",1,"VRAI","VRAI","VRAI","Chr7A_0748550966","canonique","FAUX",96.2,TRUE,0
"261","Chr7A_0748645645",100,"Chr7A_0748645645",45.3,"Chr7A_0748645645",0,"Chr7A_0748645645",99.2,"Chr7A_0748645645",100,"Chr7A_0748645645",0,"VRAI",1,"VRAI","VRAI","VRAI","Chr7A_0748645645","NsMCG","VRAI",100,TRUE,0
"262","Chr7A_0748705617",11.6,"Chr7A_0748705617",3.4,"Chr7A_0748705617",29.4,"Chr7A_0748705617",60.8,"Chr7A_0748705617",11.6,"Chr7A_0748705617",0,"VRAI",1,"VRAI","VRAI","VRAI","Chr7A_0748706181","NsMCG","FAUX",60.8,FALSE,49.2
"263","Chr7A_0748849036",51.5,"Chr7A_0748849036",0,"Chr7A_0748849036",0,"Chr7A_0748849036",51.5,"Chr7A_0748849036",51.5,"Chr7A_0748849036",0,"VRAI",1,"VRAI","VRAI","VRAI","Chr7A_0748849666","canonique","FAUX",51.5,TRUE,0
"264","Chr7A_0748915376",39.7,"Chr7A_0748915376",0,"Chr7A_0748915376",0,"Chr7A_0748915376",39.5,"Chr7A_0748915376",39.7,"Chr7A_0748915376",0,"VRAI",1,"VRAI","VRAI","VRAI","Chr7A_0748915376","NsMCG","VRAI",39.7,TRUE,0
"265","Chr7A_0750452340",100,"Chr7A_0750452340",73.9,"Chr7A_0750452340",100,"Chr7A_0750452340",99.4,"Chr7A_0750452340",99.4,"Chr7A_0750452340",50.1,"VRAI",1,"VRAI","VRAI","VRAI","Chr7A_0750452340","NsMCG","VRAI",100,TRUE,0
"266","Chr7A_0750772309",100,"Chr7A_0750772309",80.2,"Chr7A_0750772309",80.2,"Chr7A_0750772309",100,"Chr7A_0750772309",100,"Chr7A_0750772309",0,"VRAI",1,"VRAI","VRAI","VRAI","Chr7A_0750772309","NsMCG","VRAI",100,TRUE,0
"267","Chr7A_0752311139",70.9,"Chr7A_0752311139",18,"Chr7A_0752311139",18,"Chr7A_0752311139",70.9,"Chr7A_0752311139",44.9,"Chr7A_0752311139",0,"VRAI",1,"VRAI","VRAI","VRAI","Chr7A_0752311295","NsMCG","FAUX",70.9,TRUE,0
"268","Chr7A_0752599446",96.4,"Chr7A_0752599446",20.1,"Chr7A_0752599446",41.4,"Chr7A_0752599446",96.4,"Chr7A_0752599446",40.9,"Chr7A_0752599446",38.7,"VRAI",1,"VRAI","VRAI","VRAI","Chr7A_0752599692","NsMCG","FAUX",96.4,TRUE,0
"269","Chr7A_0752615878",100,"Chr7A_0752615878",20.6,"Chr7A_0752615878",42.5,"Chr7A_0752615878",100,"Chr7A_0752615878",42.1,"Chr7A_0752615878",39.7,"VRAI",1,"VRAI","VRAI","VRAI","Chr7A_0752615879","NsMCG","FAUX",100,TRUE,0
"270","Chr7A_0752631816",95.9,"Chr7A_0752631816",20,"Chr7A_0752631816",41.2,"Chr7A_0752631816",95.9,"Chr7A_0752631816",41.2,"Chr7A_0752631816",38.6,"VRAI",1,"VRAI","VRAI","VRAI","Chr7A_0752632010","NsMCG","FAUX",95.9,TRUE,0
"271","Chr7A_0752648017",96.3,"Chr7A_0752648017",20,"Chr7A_0752648017",41.2,"Chr7A_0752648017",96.3,"Chr7A_0752648017",40.7,"Chr7A_0752648017",38.6,"VRAI",1,"VRAI","VRAI","VRAI","Chr7A_0752648228","NsMCG","FAUX",96.3,TRUE,0
"272","Chr7A_0752715034",74.8,"Chr7A_0752715034",0,"Chr7A_0752715034",41,"Chr7A_0752715034",74.8,"Chr7A_0752715034",74.8,"Chr7A_0752715034",0,"VRAI",1,"VRAI","VRAI","VRAI","Chr7A_0752715034","NsMCG","VRAI",74.8,TRUE,0
"273","Chr7A_0752867611",100,"Chr7A_0752867611",2.2,"Chr7A_0752867611",0,"Chr7A_0752867611",100,"Chr7A_0752867611",51.9,"Chr7A_0752867611",0,"VRAI",1,"VRAI","VRAI","VRAI","Chr7A_0752867611","NsMCG","VRAI",100,TRUE,0
"274","Chr7A_0752916717",95.9,"Chr7A_0752916717",19.9,"Chr7A_0752916717",85.7,"Chr7A_0752916717",95.9,"Chr7A_0752916717",95.9,"Chr7A_0752916717",73.3,"VRAI",1,"VRAI","VRAI","VRAI","Chr7A_0752916930","canonique","FAUX",95.9,TRUE,0
"275","Chr7A_0752970880",100,"Chr7A_0752970880",74.8,"Chr7A_0752970880",100,"Chr7A_0752970880",100,"Chr7A_0752970880",100,"Chr7A_0752970880",0,"VRAI",1,"VRAI","VRAI","VRAI","Chr7A_0752970880","NsMCG","VRAI",100,TRUE,0
"276","Chr7A_0753007538",96.4,"Chr7A_0753007538",6.5,"Chr7A_0753007538",85.1,"Chr7A_0753007538",96.4,"Chr7A_0753007538",96.4,"Chr7A_0753007538",0,"VRAI",1,"VRAI","VRAI","VRAI","Chr7A_0753007538","canonique","VRAI",96.4,TRUE,0
"277","Chr7A_0753022799",100,"Chr7A_0753022799",52.5,"Chr7A_0753022799",52.5,"Chr7A_0753022799",100,"Chr7A_0753022799",100,"Chr7A_0753022799",0,"VRAI",1,"VRAI","VRAI","VRAI","Chr7A_0753022799","canonique","VRAI",100,TRUE,0
"278","Chr7A_0753178303",100,"Chr7A_0753178303",100,"Chr7A_0753178303",100,"Chr7A_0753178303",100,"Chr7A_0753178303",100,"Chr7A_0753178303",92.2,"VRAI",1,"VRAI","VRAI","VRAI","Chr7A_0753178303","canonique","VRAI",100,TRUE,0
"279","Chr7A_0753249300",99.4,"Chr7A_0753249300",99.4,"Chr7A_0753249300",97.7,"Chr7A_0753249300",99.4,"Chr7A_0753249300",97.7,"Chr7A_0753249300",24.3,"VRAI",1,"VRAI","VRAI","VRAI","Chr7A_0753249300","NsMCG","VRAI",99.4,TRUE,0
"280","Chr7A_0753266855",63.7,"Chr7A_0753266855",62.9,"Chr7A_0753266855",5,"Chr7A_0753266855",63.7,"Chr7A_0753266855",5,"Chr7A_0753266855",52.6,"VRAI",1,"VRAI","VRAI","VRAI","Chr7A_0753269994","NsMCG","FAUX",63.7,TRUE,0
"281","Chr7A_0753346380",100,"Chr7A_0753346380",59.3,"Chr7A_0753346380",59.3,"Chr7A_0753346380",100,"Chr7A_0753346380",100,"Chr7A_0753346380",0,"VRAI",1,"VRAI","VRAI","VRAI","Chr7A_0753346380","NsMCG","VRAI",100,TRUE,0
"282","Chr7A_0753437631",99.4,"Chr7A_0753437631",45.3,"Chr7A_0753437631",15.6,"Chr7A_0753437631",99.4,"Chr7A_0753437631",99.4,"Chr7A_0753437631",29.3,"VRAI",1,"VRAI","VRAI","VRAI","Chr7A_0753437631","NsMCG","VRAI",99.4,TRUE,0
"283","Chr7A_0753733694",99.7,"Chr7A_0753733694",99.7,"Chr7A_0753733694",99.7,"Chr7A_0753733694",99.6,"Chr7A_0753733694",99.6,"Chr7A_0753733694",0,"VRAI",1,"VRAI","VRAI","VRAI","Chr7A_0753733694","canonique","VRAI",99.7,TRUE,0
"284","Chr7A_0753787970",96.5,"Chr7A_0753787970",0,"Chr7A_0753787970",0,"Chr7A_0753787970",96.5,"Chr7A_0753787970",7.8,"Chr7A_0753787970",0,"VRAI",1,"VRAI","VRAI","VRAI","Chr7A_0753787970","NsMCG","VRAI",96.5,TRUE,0
