"","reference_locus_mars","identity_mars","reference_locus_may","identity_may","ref_loc","is_canonical","ref_is_same","ref_is_same_canon"
"1","Chr7A_0003031026",0,"Chr7A_0003031026",78.3,"Chr7A_0003031026","canonique","VRAI","VRAI"
"2","Chr7A_0003208448",95.5,"Chr7A_0003208448",95.5,"Chr7A_0003208448","canonique","VRAI","VRAI"
"3","Chr7A_0003216927",41.2,"Chr7A_0003216927",41.2,"",NA,"VRAI","FAUX"
"4","Chr7A_0003269913",40.6,"Chr7A_0003269913",93.5,"Chr7A_0003269913","non-canonique","VRAI","VRAI"
"5","Chr7A_0003321242",41.2,"Chr7A_0003321242",41.2,"",NA,"VRAI","FAUX"
"6","Chr7A_0003397021",0,"Chr7A_0003397021",58.7,"Chr7A_0003397021","non-canonique","VRAI","VRAI"
"7","Chr7A_0003404506",92.8,"Chr7A_0003404506",92.8,"Chr7A_0003404506","non-canonique","VRAI","VRAI"
"8","Chr7A_0003502219",76.4,"Chr7A_0003502219",76.4,"",NA,"VRAI","FAUX"
"9","Chr7A_0003519614",60.6,"Chr7A_0003519614",60.6,"",NA,"VRAI","FAUX"
"10","Chr7A_0003771932",96.9,"Chr7A_0003771932",96.9,"Chr7A_0003771932","canonique","VRAI","VRAI"
"11","Chr7A_0003790356",44.1,"Chr7A_0003790356",44.1,"Chr7A_0003791681","non-canonique","VRAI","FAUX"
"12","Chr7A_0003813365",98.6,"Chr7A_0003813365",100,"Chr7A_0003813365","non-canonique","VRAI","VRAI"
"13","Chr7A_0003821960",100,"Chr7A_0003821960",100,"Chr7A_0003821960","canonique","VRAI","VRAI"
"14","Chr7A_0004710619",97,"Chr7A_0004710619",97,"Chr7A_0004710619","non-canonique","VRAI","VRAI"
"15","Chr7A_0004733566",96.4,"Chr7A_0004733566",96.4,"Chr7A_0004733566","non-canonique","VRAI","VRAI"
"16","Chr7A_0005081599",94.3,"Chr7A_0005081599",94.3,"Chr7A_0005081599","canonique","VRAI","VRAI"
"17","Chr7A_0005253902",83.3,"Chr7A_0005253902",83.3,"Chr7A_0005253902","non-canonique","VRAI","VRAI"
"18","Chr7A_0005336711",95.3,"Chr7A_0005336711",95.3,"Chr7A_0005336792","canonique","VRAI","FAUX"
"19","Chr7A_0005471515",81.4,"Chr7A_0005471515",81.4,"Chr7A_0005471515","canonique","VRAI","VRAI"
"20","Chr7A_0005496829",93.6,"Chr7A_0005496829",93.6,"Chr7A_0005496829","non-canonique","VRAI","VRAI"
"21","Chr7A_0005529536",93.6,"Chr7A_0005529536",93.6,"Chr7A_0005529536","non-canonique","VRAI","VRAI"
"22","Chr7A_0005563962",93.6,"Chr7A_0005563962",93.6,"Chr7A_0005563962","non-canonique","VRAI","VRAI"
"23","Chr7A_0005597205",93.6,"Chr7A_0005597205",93.6,"Chr7A_0005597205","non-canonique","VRAI","VRAI"
"24","Chr7A_0005888513",0,"Chr7A_0005888513",100,"Chr7A_0005888513","non-canonique","VRAI","VRAI"
"25","Chr7A_0005957515",68.7,"Chr7A_0005957515",74.7,"Chr7A_0005957515","canonique","VRAI","VRAI"
"26","Chr7A_0006013146",77.8,"Chr7A_0006013146",77.8,"Chr7A_0006013146","canonique","VRAI","VRAI"
"27","Chr7A_0006079774",77.8,"Chr7A_0006079774",77.8,"Chr7A_0006079774","canonique","VRAI","VRAI"
"28","Chr7A_0006149608",70.6,"Chr7A_0006149608",71.2,"Chr7A_0006149608","non-canonique","VRAI","VRAI"
"29","Chr7A_0006835940",100,"Chr7A_0006835940",100,"Chr7A_0006835940","canonique","VRAI","VRAI"
"30","Chr7A_0006953383",67.9,"Chr7A_0006953383",100,"Chr7A_0006953383","non-canonique","VRAI","VRAI"
"31","Chr7A_0007376321",100,"Chr7A_0007376321",100,"Chr7A_0007376321","non-canonique","VRAI","VRAI"
"32","Chr7A_0007737808",96.2,"Chr7A_0007737808",96.2,"Chr7A_0007737808","canonique","VRAI","VRAI"
"33","Chr7A_0008298920",0,"Chr7A_0008298920",95.7,"Chr7A_0008298920","non-canonique","VRAI","VRAI"
"34","Chr7A_0008342522",93.5,"Chr7A_0008342522",99,"Chr7A_0008342522","non-canonique","VRAI","VRAI"
"35","Chr7A_0008361927",96,"Chr7A_0008361927",100,"Chr7A_0008361927","non-canonique","VRAI","VRAI"
"36","Chr7A_0008378685",0,"Chr7A_0008378685",96.8,"Chr7A_0008378685","non-canonique","VRAI","VRAI"
"37","Chr7A_0008399657",92.2,"Chr7A_0008399657",100,"Chr7A_0008399657","non-canonique","VRAI","VRAI"
"38","Chr7A_0008482634",82.1,"Chr7A_0008482634",82.1,"Chr7A_0008485246","canonique","VRAI","FAUX"
"39","Chr7A_0008491058",53.7,"Chr7A_0008491058",53.7,"Chr7A_0008492128","non-canonique","VRAI","FAUX"
"40","Chr7A_0008637834",73.2,"Chr7A_0008637834",79.5,"Chr7A_0008638504","non-canonique","VRAI","FAUX"
"41","Chr7A_0008707263",95.6,"Chr7A_0008707263",95.6,"Chr7A_0008707263","non-canonique","VRAI","VRAI"
"42","Chr7A_0008712636",59.8,"Chr7A_0008712636",59.8,"Chr7A_0008713700","canonique","VRAI","FAUX"
"43","Chr7A_0009032157",85.3,"Chr7A_0009032157",99.2,"Chr7A_0009032157","non-canonique","VRAI","VRAI"
"44","Chr7A_0009314948",72.6,"Chr7A_0009314948",72.6,"Chr7A_0009315812","non-canonique","VRAI","FAUX"
"45","Chr7A_0010087619",0,"Chr7A_0010087619",73.3,"Chr7A_0010087744","non-canonique","VRAI","FAUX"
"46","Chr7A_0010163345",0,"Chr7A_0010163345",89.2,"Chr7A_0010163345","non-canonique","VRAI","VRAI"
"47","Chr7A_0010227543",0,"Chr7A_0010227543",89.2,"Chr7A_0010227543","non-canonique","VRAI","VRAI"
"48","Chr7A_0010653812",31.4,"Chr7A_0010653812",49.5,"Chr7A_0010655577","canonique","VRAI","FAUX"
"49","Chr7A_0010829511",97.2,"Chr7A_0010829511",97.2,"Chr7A_0010829511","canonique","VRAI","VRAI"
"50","Chr7A_0010880344",100,"Chr7A_0010880344",100,"Chr7A_0010880344","canonique","VRAI","VRAI"
"51","Chr7A_0010963694",100,"Chr7A_0010963694",100,"Chr7A_0010963694","non-canonique","VRAI","VRAI"
"52","Chr7A_0014645947",100,"Chr7A_0014645947",100,"Chr7A_0014645947","non-canonique","VRAI","VRAI"
"53","Chr7A_0014940218",91.8,"Chr7A_0014940218",91.8,"Chr7A_0014940218","non-canonique","VRAI","VRAI"
"54","Chr7A_0015259198",98.4,"Chr7A_0015259198",98.4,"Chr7A_0015259198","canonique","VRAI","VRAI"
"55","Chr7A_0015272388",96.7,"Chr7A_0015272388",96.7,"Chr7A_0015272484","canonique","VRAI","FAUX"
"56","Chr7A_0015526317",89.8,"Chr7A_0015526317",98.9,"Chr7A_0015526317","non-canonique","VRAI","VRAI"
"57","Chr7A_0016496408",100,"Chr7A_0016496408",100,"Chr7A_0016496408","non-canonique","VRAI","VRAI"
"58","Chr7A_0016498331",94.8,"Chr7A_0016498331",94.8,"Chr7A_0016498365","non-canonique","VRAI","FAUX"
"59","Chr7A_0016541304",99.8,"Chr7A_0016541304",98,"Chr7A_0016541304","non-canonique","VRAI","VRAI"
"60","Chr7A_0016641105",100,"Chr7A_0016641105",100,"Chr7A_0016641105","non-canonique","VRAI","VRAI"
"61","Chr7A_0016733551",100,"Chr7A_0016733551",100,"Chr7A_0016733551","canonique","VRAI","VRAI"
"62","Chr7A_0016743854",100,"Chr7A_0016743854",100,"Chr7A_0016743854","non-canonique","VRAI","VRAI"
"63","Chr7A_0016754088",100,"Chr7A_0016754088",100,"Chr7A_0016754088","non-canonique","VRAI","VRAI"
"64","Chr7A_0016770197",94.6,"Chr7A_0016770197",94.6,"Chr7A_0016770197","non-canonique","VRAI","VRAI"
"65","Chr7A_0016782150",100,"Chr7A_0016782150",100,"Chr7A_0016782150","non-canonique","VRAI","VRAI"
"66","Chr7A_0016935741",100,"Chr7A_0016935741",100,"Chr7A_0016935741","non-canonique","VRAI","VRAI"
"67","Chr7A_0018785530",95.3,"Chr7A_0018785530",99.6,"Chr7A_0018785530","canonique","VRAI","VRAI"
"68","Chr7A_0018832649",93.2,"Chr7A_0018832649",93.2,"Chr7A_0018832736","non-canonique","VRAI","FAUX"
"69","Chr7A_0018856930",93.2,"Chr7A_0018856930",93.2,"Chr7A_0018857017","non-canonique","VRAI","FAUX"
"70","Chr7A_0018881180",93.2,"Chr7A_0018881180",93.2,"Chr7A_0018881267","non-canonique","VRAI","FAUX"
"71","Chr7A_0018897930",100,"Chr7A_0018897930",100,"Chr7A_0018897930","non-canonique","VRAI","VRAI"
"72","Chr7A_0019000848",100,"Chr7A_0019000848",100,"Chr7A_0019000848","non-canonique","VRAI","VRAI"
"73","Chr7A_0019134771",65.7,"Chr7A_0019134771",65.7,"Chr7A_0019135025","canonique","VRAI","FAUX"
"74","Chr7A_0019236751",88,"Chr7A_0019236751",88,"Chr7A_0019237088","non-canonique","VRAI","FAUX"
"75","Chr7A_0019380061",99.7,"Chr7A_0019380061",99.7,"Chr7A_0019380061","non-canonique","VRAI","VRAI"
"76","Chr7A_0019905222",99.4,"Chr7A_0019905222",99.4,"Chr7A_0019905222","non-canonique","VRAI","VRAI"
"77","Chr7A_0019939565",98.5,"Chr7A_0019939565",98.5,"Chr7A_0019939616","canonique","VRAI","FAUX"
"78","Chr7A_0020374795",72.4,"Chr7A_0020374795",98.3,"Chr7A_0020374795","non-canonique","VRAI","VRAI"
"79","Chr7A_0020385244",95.1,"Chr7A_0020385244",96.6,"Chr7A_0020385244","canonique","VRAI","VRAI"
"80","Chr7A_0020411844",95.1,"Chr7A_0020411844",96.6,"Chr7A_0020411844","canonique","VRAI","VRAI"
"81","Chr7A_0020870085",98.5,"Chr7A_0020870085",98.5,"Chr7A_0020870085","non-canonique","VRAI","VRAI"
"82","Chr7A_0020881360",100,"Chr7A_0020881360",100,"Chr7A_0020881360","canonique","VRAI","VRAI"
"83","Chr7A_0020890178",100,"Chr7A_0020890178",100,"Chr7A_0020890178","non-canonique","VRAI","VRAI"
"84","Chr7A_0020912991",100,"Chr7A_0020912991",100,"Chr7A_0020912991","canonique","VRAI","VRAI"
"85","Chr7A_0020933258",100,"Chr7A_0020933258",100,"Chr7A_0020933258","canonique","VRAI","VRAI"
"86","Chr7A_0020946120",100,"Chr7A_0020946120",100,"Chr7A_0020946120","non-canonique","VRAI","VRAI"
"87","Chr7A_0020951021",100,"Chr7A_0020951021",100,"Chr7A_0020951021","non-canonique","VRAI","VRAI"
"88","Chr7A_0020968968",99.7,"Chr7A_0020968968",99.7,"Chr7A_0020968968","canonique","VRAI","VRAI"
"89","Chr7A_0020975776",100,"Chr7A_0020975776",100,"Chr7A_0020975776","canonique","VRAI","VRAI"
"90","Chr7A_0021017572",100,"Chr7A_0021017572",100,"Chr7A_0021017572","canonique","VRAI","VRAI"
"91","Chr7A_0021185065",100,"Chr7A_0021185065",100,"Chr7A_0021185065","non-canonique","VRAI","VRAI"
"92","Chr7A_0021236523",100,"Chr7A_0021236523",100,"Chr7A_0021236523","non-canonique","VRAI","VRAI"
"93","Chr7A_0021240309",100,"Chr7A_0021240309",100,"Chr7A_0021240309","non-canonique","VRAI","VRAI"
"94","Chr7A_0021243996",100,"Chr7A_0021243996",100,"Chr7A_0021243996","non-canonique","VRAI","VRAI"
"95","Chr7A_0021247683",100,"Chr7A_0021247683",100,"Chr7A_0021247683","non-canonique","VRAI","VRAI"
"96","Chr7A_0021261679",100,"Chr7A_0021261679",100,"Chr7A_0021261679","canonique","VRAI","VRAI"
"97","Chr7A_0021508542",57,"Chr7A_0021508542",57,"Chr7A_0021508542","non-canonique","VRAI","VRAI"
"98","Chr7A_0028090024",97.7,"Chr7A_0028090024",97.7,"Chr7A_0028090024","non-canonique","VRAI","VRAI"
"99","Chr7A_0028111928",95.5,"Chr7A_0028111928",95.5,"Chr7A_0028111928","non-canonique","VRAI","VRAI"
"100","Chr7A_0028143380",96.9,"Chr7A_0028143380",96.9,"Chr7A_0028143380","non-canonique","VRAI","VRAI"
"101","Chr7A_0028174835",96.9,"Chr7A_0028174835",96.9,"Chr7A_0028174835","non-canonique","VRAI","VRAI"
"102","Chr7A_0030631470",100,"Chr7A_0030631470",100,"Chr7A_0030631470","non-canonique","VRAI","VRAI"
"103","Chr7A_0034466300",69.8,"Chr7A_0034466300",100,"Chr7A_0034466300","non-canonique","VRAI","VRAI"
"104","Chr7A_0035424639",97.6,"Chr7A_0035424639",97.6,"Chr7A_0035424639","canonique","VRAI","VRAI"
"105","Chr7A_0036155572",91.9,"Chr7A_0036155572",98.3,"Chr7A_0036155572","non-canonique","VRAI","VRAI"
"106","Chr7A_0038883011",0,"Chr7A_0038883011",65,"Chr7A_0038883011","non-canonique","VRAI","VRAI"
"107","Chr7A_0038939113",100,"Chr7A_0038939113",100,"Chr7A_0038939113","non-canonique","VRAI","VRAI"
"108","Chr7A_0038957403",100,"Chr7A_0038957403",100,"Chr7A_0038957403","non-canonique","VRAI","VRAI"
"109","Chr7A_0038979772",69.3,"Chr7A_0038979772",53.5,"",NA,"VRAI","FAUX"
"110","Chr7A_0039110685",0,"Chr7A_0039110685",65.2,"Chr7A_0039110685","non-canonique","VRAI","VRAI"
"111","Chr7A_0039187747",58.9,"Chr7A_0039187747",55.4,"Chr7A_0039187747","canonique","VRAI","VRAI"
"112","Chr7A_0041934036",99.3,"Chr7A_0041934036",99.3,"Chr7A_0041934036","canonique","VRAI","VRAI"
"113","Chr7A_0046560899",100,"Chr7A_0046560899",100,"Chr7A_0046560899","canonique","VRAI","VRAI"
"114","Chr7A_0052313155",100,"Chr7A_0052313155",100,"Chr7A_0052313155","non-canonique","VRAI","VRAI"
"115","Chr7A_0052333402",88.6,"Chr7A_0052333402",88.6,"Chr7A_0052333402","non-canonique","VRAI","VRAI"
"116","Chr7A_0059515739",100,"Chr7A_0059515739",100,"Chr7A_0059515739","canonique","VRAI","VRAI"
"117","Chr7A_0061427107",99.7,"Chr7A_0061427107",100,"Chr7A_0061427107","non-canonique","VRAI","VRAI"
"118","Chr7A_0064467634",94.7,"Chr7A_0064467634",94.7,"Chr7A_0064467634","canonique","VRAI","VRAI"
"119","Chr7A_0064582168",87.6,"Chr7A_0064582168",87.6,"Chr7A_0064587954","canonique","VRAI","FAUX"
"120","Chr7A_0068302940",73.6,"Chr7A_0068302940",96.1,"Chr7A_0068302940","canonique","VRAI","VRAI"
"121","Chr7A_0073491016",64.2,"Chr7A_0073491016",45.2,"Chr7A_0073498225","non-canonique","VRAI","FAUX"
"122","Chr7A_0073629571",0,"Chr7A_0073629571",98.7,"Chr7A_0073629571","canonique","VRAI","VRAI"
"123","Chr7A_0073652253",83,"Chr7A_0073652253",100,"Chr7A_0073652253","non-canonique","VRAI","VRAI"
"124","Chr7A_0073863652",0,"Chr7A_0073863652",98.7,"Chr7A_0073863652","canonique","VRAI","VRAI"
"125","Chr7A_0073891090",100,"Chr7A_0073891090",100,"Chr7A_0073891090","canonique","VRAI","VRAI"
"126","Chr7A_0073935342",0,"Chr7A_0073935342",98.6,"Chr7A_0073935342","canonique","VRAI","VRAI"
"127","Chr7A_0084104321",93.5,"Chr7A_0084104321",93.5,"Chr7A_0084104321","non-canonique","VRAI","VRAI"
"128","Chr7A_0087159260",96.9,"Chr7A_0087159260",96.9,"Chr7A_0087159260","non-canonique","VRAI","VRAI"
"129","Chr7A_0087210896",94.2,"Chr7A_0087210896",93.6,"Chr7A_0087210896","canonique","VRAI","VRAI"
"130","Chr7A_0087221092",94.6,"Chr7A_0087221092",93.6,"Chr7A_0087221092","canonique","VRAI","VRAI"
"131","Chr7A_0087236951",93.4,"Chr7A_0087236951",94,"Chr7A_0087236951","non-canonique","VRAI","VRAI"
"132","Chr7A_0087245294",90.2,"Chr7A_0087245294",90.2,"Chr7A_0087245294","non-canonique","VRAI","VRAI"
"133","Chr7A_0090437741",99.9,"Chr7A_0090437741",99.9,"Chr7A_0090437741","non-canonique","VRAI","VRAI"
"134","Chr7A_0092461208",91.5,"Chr7A_0092461208",91.5,"Chr7A_0092461403","non-canonique","VRAI","FAUX"
"135","Chr7A_0093949887",100,"Chr7A_0093949887",100,"Chr7A_0093949887","canonique","VRAI","VRAI"
"136","Chr7A_0101243452",61.8,"Chr7A_0101243452",61.8,"Chr7A_0101244247","canonique","VRAI","FAUX"
"137","Chr7A_0101595190",96.3,"Chr7A_0101595190",96.3,"Chr7A_0101595190","non-canonique","VRAI","VRAI"
"138","Chr7A_0108438209",100,"Chr7A_0108438209",100,"Chr7A_0108438209","canonique","VRAI","VRAI"
"139","Chr7A_0110493096",94.2,"Chr7A_0110493096",94.2,"Chr7A_0110493162","canonique","VRAI","FAUX"
"140","Chr7A_0110647299",100,"Chr7A_0110647299",100,"Chr7A_0110647299","canonique","VRAI","VRAI"
"141","Chr7A_0122250857",50.2,"Chr7A_0122250857",50.2,"Chr7A_0122251961","canonique","VRAI","FAUX"
"142","Chr7A_0122295942",87.6,"Chr7A_0122295942",89.3,"Chr7A_0122295942","canonique","VRAI","VRAI"
"143","Chr7A_0125049611",100,"Chr7A_0125049611",100,"Chr7A_0125049611","canonique","VRAI","VRAI"
"144","Chr7A_0127620845",95.8,"Chr7A_0127620845",95.8,"Chr7A_0127620845","canonique","VRAI","VRAI"
"145","Chr7A_0169838781",92,"Chr7A_0169838781",92,"Chr7A_0169838781","non-canonique","VRAI","VRAI"
"146","Chr7A_0174654396",100,"Chr7A_0174654396",100,"Chr7A_0174654396","canonique","VRAI","VRAI"
"147","Chr7A_0176381133",35.6,"Chr7A_0176381133",35.6,"Chr7A_0176381182","canonique","VRAI","FAUX"
"148","Chr7A_0178595528",100,"Chr7A_0178595528",100,"Chr7A_0178595528","non-canonique","VRAI","VRAI"
"149","Chr7A_0183887972",100,"Chr7A_0183887972",100,"Chr7A_0183887972","canonique","VRAI","VRAI"
"150","Chr7A_0187944172",94.7,"Chr7A_0187944172",94.7,"Chr7A_0187944172","canonique","VRAI","VRAI"
"151","Chr7A_0205308770",97.3,"Chr7A_0205308770",97.3,"Chr7A_0205308770","canonique","VRAI","VRAI"
"152","Chr7A_0216758294",100,"Chr7A_0216758294",100,"Chr7A_0216758294","canonique","VRAI","VRAI"
"153","Chr7A_0230758431",100,"Chr7A_0230758431",100,"Chr7A_0230758431","canonique","VRAI","VRAI"
"154","Chr7A_0231976455",100,"Chr7A_0231976455",100,"Chr7A_0231976455","canonique","VRAI","VRAI"
"155","Chr7A_0243070586",97.2,"Chr7A_0243070586",97.2,"Chr7A_0243070586","canonique","VRAI","VRAI"
"156","Chr7A_0279618924",90.6,"Chr7A_0279618924",90.6,"Chr7A_0279619002","canonique","VRAI","FAUX"
"157","Chr7A_0279723788",82.1,"Chr7A_0279723788",74.2,"Chr7A_0279723788","non-canonique","VRAI","VRAI"
"158","Chr7A_0385674604",96.2,"Chr7A_0385674604",96.2,"Chr7A_0385674673","canonique","VRAI","FAUX"
"159","Chr7A_0443030834",100,"Chr7A_0443030834",100,"Chr7A_0443030834","canonique","VRAI","VRAI"
"160","Chr7A_0462698283",98,"Chr7A_0462698283",98,"Chr7A_0462698283","canonique","VRAI","VRAI"
"161","Chr7A_0497934918",98,"Chr7A_0497934918",98,"Chr7A_0497934918","non-canonique","VRAI","VRAI"
"162","Chr7A_0499233351",99.2,"Chr7A_0499233351",99.1,"Chr7A_0499233351","canonique","VRAI","VRAI"
"163","Chr7A_0505645168",100,"Chr7A_0505645168",100,"Chr7A_0505645168","canonique","VRAI","VRAI"
"164","Chr7A_0528250998",100,"Chr7A_0528250998",100,"Chr7A_0528250998","canonique","VRAI","VRAI"
"165","Chr7A_0535046530",100,"Chr7A_0535046530",100,"Chr7A_0535046530","canonique","VRAI","VRAI"
"166","Chr7A_0546202440",100,"Chr7A_0546202440",100,"Chr7A_0546202440","canonique","VRAI","VRAI"
"167","Chr7A_0551824516",98.2,"Chr7A_0551824516",99.7,"Chr7A_0551824516","non-canonique","VRAI","VRAI"
"168","Chr7A_0552413744",100,"Chr7A_0552413744",100,"Chr7A_0552413744","non-canonique","VRAI","VRAI"
"169","Chr7A_0552517917",100,"Chr7A_0552517917",100,"Chr7A_0552517917","canonique","VRAI","VRAI"
"170","Chr7A_0552573092",100,"Chr7A_0552573092",100,"Chr7A_0552573092","non-canonique","VRAI","VRAI"
"171","Chr7A_0552983978",100,"Chr7A_0552983978",100,"Chr7A_0552983978","canonique","VRAI","VRAI"
"172","Chr7A_0553068632",100,"Chr7A_0553068632",100,"Chr7A_0553068632","non-canonique","VRAI","VRAI"
"173","Chr7A_0553285475",100,"Chr7A_0553285475",100,"Chr7A_0553285475","canonique","VRAI","VRAI"
"174","Chr7A_0553394226",98.3,"Chr7A_0553394226",98.3,"Chr7A_0553394226","non-canonique","VRAI","VRAI"
"175","Chr7A_0553876738",100,"Chr7A_0553876738",100,"Chr7A_0553876738","non-canonique","VRAI","VRAI"
"176","Chr7A_0553883024",98.4,"Chr7A_0553883024",98.4,"Chr7A_0553883024","canonique","VRAI","VRAI"
"177","Chr7A_0553897642",96.3,"Chr7A_0553897642",96.3,"Chr7A_0553897642","non-canonique","VRAI","VRAI"
"178","Chr7A_0554537280",94.3,"Chr7A_0554537280",94.3,"Chr7A_0554537391","canonique","VRAI","FAUX"
"179","Chr7A_0554562555",100,"Chr7A_0554562555",100,"Chr7A_0554562555","canonique","VRAI","VRAI"
"180","Chr7A_0560219280",85.8,"Chr7A_0560219280",85.8,"Chr7A_0560219706","canonique","VRAI","FAUX"
"181","Chr7A_0566405387",97.1,"Chr7A_0566405387",97.1,"Chr7A_0566405492","canonique","VRAI","FAUX"
"182","Chr7A_0574933019",98.2,"Chr7A_0574933019",98.2,"Chr7A_0574933019","canonique","VRAI","VRAI"
"183","Chr7A_0579666803",90.3,"Chr7A_0579666803",90.3,"Chr7A_0579666942","canonique","VRAI","FAUX"
"184","Chr7A_0592076331",100,"Chr7A_0592076331",100,"Chr7A_0592076331","non-canonique","VRAI","VRAI"
"185","Chr7A_0592228841",98.5,"Chr7A_0592228841",98.5,"Chr7A_0592228841","non-canonique","VRAI","VRAI"
"186","Chr7A_0592319156",99.9,"Chr7A_0592319156",99.9,"Chr7A_0592319156","non-canonique","VRAI","VRAI"
"187","Chr7A_0606612361",96.4,"Chr7A_0606612361",96.4,"Chr7A_0606612424","non-canonique","VRAI","FAUX"
"188","Chr7A_0609798264",98.5,"Chr7A_0609798264",71.2,"Chr7A_0609798420","canonique","VRAI","FAUX"
"189","Chr7A_0609850151",98.5,"Chr7A_0609850151",82.8,"Chr7A_0609850277","canonique","VRAI","FAUX"
"190","Chr7A_0615568914",96.7,"Chr7A_0615568914",96.7,"Chr7A_0615568914","non-canonique","VRAI","VRAI"
"191","Chr7A_0623593177",94,"Chr7A_0623593177",94,"Chr7A_0623593269","non-canonique","VRAI","FAUX"
"192","Chr7A_0627161937",95.6,"Chr7A_0627161937",95.6,"Chr7A_0627161937","canonique","VRAI","VRAI"
"193","Chr7A_0628164916",96,"Chr7A_0628164916",96,"Chr7A_0628164916","canonique","VRAI","VRAI"
"194","Chr7A_0628216347",100,"Chr7A_0628216347",100,"Chr7A_0628216347","non-canonique","VRAI","VRAI"
"195","Chr7A_0628575407",100,"Chr7A_0628575407",100,"Chr7A_0628575407","canonique","VRAI","VRAI"
"196","Chr7A_0637709821",94.6,"Chr7A_0637709821",98,"Chr7A_0637709884","canonique","VRAI","FAUX"
"197","Chr7A_0639710357",97.3,"Chr7A_0639710357",97.3,"Chr7A_0639710357","canonique","VRAI","VRAI"
"198","Chr7A_0639719066",100,"Chr7A_0639719066",100,"Chr7A_0639719066","canonique","VRAI","VRAI"
"199","Chr7A_0639900145",100,"Chr7A_0639900145",100,"Chr7A_0639900145","canonique","VRAI","VRAI"
"200","Chr7A_0651831139",100,"Chr7A_0651831139",100,"Chr7A_0651831139","non-canonique","VRAI","VRAI"
"201","Chr7A_0656198271",100,"Chr7A_0656198271",100,"Chr7A_0656198271","non-canonique","VRAI","VRAI"
"202","Chr7A_0668007375",98.2,"Chr7A_0668007375",99.8,"Chr7A_0668007375","canonique","VRAI","VRAI"
"203","Chr7A_0671045351",99,"Chr7A_0671045351",99,"Chr7A_0671045351","canonique","VRAI","VRAI"
"204","Chr7A_0671735299",52.2,"Chr7A_0671735299",55.9,"Chr7A_0671746009","canonique","VRAI","FAUX"
"205","Chr7A_0671853594",93.2,"Chr7A_0671853594",95.1,"Chr7A_0671853594","canonique","VRAI","VRAI"
"206","Chr7A_0677272122",97.2,"Chr7A_0677272122",97.2,"Chr7A_0677272122","non-canonique","VRAI","VRAI"
"207","Chr7A_0678720545",87.5,"Chr7A_0678720545",100,"Chr7A_0678720545","non-canonique","VRAI","VRAI"
"208","Chr7A_0681705678",98.2,"Chr7A_0681705678",98.2,"Chr7A_0681705678","canonique","VRAI","VRAI"
"209","Chr7A_0681738093",99.1,"Chr7A_0681738093",99.1,"Chr7A_0681738093","non-canonique","VRAI","VRAI"
"210","Chr7A_0682304165",97.2,"Chr7A_0682304165",99.5,"Chr7A_0682304165","non-canonique","VRAI","VRAI"
"211","Chr7A_0690887925",92.9,"Chr7A_0690887925",88.5,"Chr7A_0690887991","non-canonique","VRAI","FAUX"
"212","Chr7A_0691358438",91,"Chr7A_0691358438",91,"Chr7A_0691358438","canonique","VRAI","VRAI"
"213","Chr7A_0693389734",100,"Chr7A_0693389734",100,"Chr7A_0693389734","canonique","VRAI","VRAI"
"214","Chr7A_0701375168",100,"Chr7A_0701375168",100,"Chr7A_0701375168","non-canonique","VRAI","VRAI"
"215","Chr7A_0702319259",76.1,"Chr7A_0702319259",92.5,"Chr7A_0702319472","canonique","VRAI","FAUX"
"216","Chr7A_0709180130",100,"Chr7A_0709180130",100,"Chr7A_0709180130","non-canonique","VRAI","VRAI"
"217","Chr7A_0710372769",0,"Chr7A_0710372769",41.8,"Chr7A_0710372769","canonique","VRAI","VRAI"
"218","Chr7A_0712955449",0,"Chr7A_0712955449",97.7,"Chr7A_0712955449","non-canonique","VRAI","VRAI"
"219","Chr7A_0712996561",0,"Chr7A_0712996561",96.2,"Chr7A_0712996561","non-canonique","VRAI","VRAI"
"220","Chr7A_0714268791",71.6,"Chr7A_0714268791",71.6,"Chr7A_0714279073","non-canonique","VRAI","FAUX"
"221","Chr7A_0714300927",78,"Chr7A_0714300927",78,"Chr7A_0714302923","non-canonique","VRAI","FAUX"
"222","Chr7A_0714364727",80.6,"Chr7A_0714364727",80.6,"Chr7A_0714365117","non-canonique","VRAI","FAUX"
"223","Chr7A_0720906596",97.1,"Chr7A_0720906596",97.1,"Chr7A_0720906668","canonique","VRAI","FAUX"
"224","Chr7A_0722950358",92.9,"Chr7A_0722950358",77.7,"Chr7A_0722950358","non-canonique","VRAI","VRAI"
"225","Chr7A_0725782653",77.3,"Chr7A_0725782653",77.3,"Chr7A_0725782653","non-canonique","VRAI","VRAI"
"226","Chr7A_0726004250",97.3,"Chr7A_0726004250",97.3,"Chr7A_0726004250","canonique","VRAI","VRAI"
"227","Chr7A_0726233853",62.6,"Chr7A_0726233853",94.5,"Chr7A_0726233853","canonique","VRAI","VRAI"
"228","Chr7A_0726544341",53.9,"Chr7A_0726544341",97.8,"Chr7A_0726544341","non-canonique","VRAI","VRAI"
"229","Chr7A_0726662042",91.8,"Chr7A_0726662042",98.3,"Chr7A_0726667658","éliminé","VRAI","FAUX"
"230","Chr7A_0726694395",0,"Chr7A_0726694395",98.8,"Chr7A_0726694395","non-canonique","VRAI","VRAI"
"231","Chr7A_0726778041",77.3,"Chr7A_0726778041",92.1,"Chr7A_0726778125","non-canonique","VRAI","FAUX"
"232","Chr7A_0726795732",63.9,"Chr7A_0726795732",97.2,"Chr7A_0726795732","non-canonique","VRAI","VRAI"
"233","Chr7A_0726804114",58.6,"Chr7A_0726804114",96.9,"Chr7A_0726804114","non-canonique","VRAI","VRAI"
"234","Chr7A_0729823524",94.3,"Chr7A_0729823524",56,"Chr7A_0729823524","non-canonique","VRAI","VRAI"
"235","Chr7A_0730382911",99.2,"Chr7A_0730382911",99.2,"Chr7A_0730382911","canonique","VRAI","VRAI"
"236","Chr7A_0732211246",96.4,"Chr7A_0732211246",96.4,"Chr7A_0732211246","canonique","VRAI","VRAI"
"237","Chr7A_0739310189",84.3,"Chr7A_0739310189",95.3,"Chr7A_0739310336","non-canonique","VRAI","FAUX"
"238","Chr7A_0739314564",100,"Chr7A_0739314564",100,"Chr7A_0739314564","canonique","VRAI","VRAI"
"239","Chr7A_0740400018",99.2,"Chr7A_0740400018",99.2,"Chr7A_0740400039","non-canonique","VRAI","FAUX"
"240","Chr7A_0740483105",100,"Chr7A_0740483105",100,"Chr7A_0740483105","non-canonique","VRAI","VRAI"
"241","Chr7A_0740619114",98.3,"Chr7A_0740619114",98.3,"Chr7A_0740619114","non-canonique","VRAI","VRAI"
"242","Chr7A_0742026637",93.1,"Chr7A_0742026637",98.8,"Chr7A_0742026637","non-canonique","VRAI","VRAI"
"243","Chr7A_0742052920",98.5,"Chr7A_0742052920",98.9,"Chr7A_0742052920","non-canonique","VRAI","VRAI"
"244","Chr7A_0742132961",91.5,"Chr7A_0742132961",80.5,"Chr7A_0742132961","non-canonique","VRAI","VRAI"
"245","Chr7A_0742176741",95.8,"Chr7A_0742176741",98,"Chr7A_0742176741","non-canonique","VRAI","VRAI"
"246","Chr7A_0742601338",88.7,"Chr7A_0742601338",88.9,"Chr7A_0742601338","non-canonique","VRAI","VRAI"
"247","Chr7A_0745835534",100,"Chr7A_0745835534",100,"Chr7A_0745835534","canonique","VRAI","VRAI"
"248","Chr7A_0746343237",0,"Chr7A_0746343237",92.9,"Chr7A_0746343237","non-canonique","VRAI","VRAI"
"249","Chr7A_0747715935",93.5,"Chr7A_0747715935",93.5,"Chr7A_0747715935","non-canonique","VRAI","VRAI"
"250","Chr7A_0747822895",94.1,"Chr7A_0747822895",94.1,"Chr7A_0747822895","canonique","VRAI","VRAI"
"251","Chr7A_0747835925",94.1,"Chr7A_0747835925",94.1,"Chr7A_0747835925","canonique","VRAI","VRAI"
"252","Chr7A_0747848955",84.2,"Chr7A_0747848955",84.2,"Chr7A_0747848955","canonique","VRAI","VRAI"
"253","Chr7A_0747873065",96.4,"Chr7A_0747873065",96.4,"Chr7A_0747873065","non-canonique","VRAI","VRAI"
"254","Chr7A_0747897194",93.3,"Chr7A_0747897194",93.3,"Chr7A_0747897194","canonique","VRAI","VRAI"
"255","Chr7A_0747921328",91.6,"Chr7A_0747921328",91.6,"Chr7A_0747921328","canonique","VRAI","VRAI"
"256","Chr7A_0748204451",85.6,"Chr7A_0748204451",99.1,"Chr7A_0748204451","non-canonique","VRAI","VRAI"
"257","Chr7A_0748225277",88.4,"Chr7A_0748225277",100,"Chr7A_0748225277","non-canonique","VRAI","VRAI"
"258","Chr7A_0748461853",99.7,"Chr7A_0748461853",100,"Chr7A_0748461853","non-canonique","VRAI","VRAI"
"259","Chr7A_0748539024",96.9,"Chr7A_0748539024",99,"Chr7A_0748539153","canonique","VRAI","FAUX"
"260","Chr7A_0748550870",94.9,"Chr7A_0748550870",96.2,"Chr7A_0748550966","canonique","VRAI","FAUX"
"261","Chr7A_0748645645",100,"Chr7A_0748645645",100,"Chr7A_0748645645","non-canonique","VRAI","VRAI"
"262","Chr7A_0748705617",11.6,"Chr7A_0748705617",11.6,"Chr7A_0748706181","non-canonique","VRAI","FAUX"
"263","Chr7A_0748849036",51.5,"Chr7A_0748849036",51.5,"Chr7A_0748849666","canonique","VRAI","FAUX"
"264","Chr7A_0748915376",0,"Chr7A_0748915376",39.7,"Chr7A_0748915376","non-canonique","VRAI","VRAI"
"265","Chr7A_0750452340",75.1,"Chr7A_0750452340",100,"Chr7A_0750452340","non-canonique","VRAI","VRAI"
"266","Chr7A_0750772309",97.6,"Chr7A_0750772309",100,"Chr7A_0750772309","non-canonique","VRAI","VRAI"
"267","Chr7A_0752311139",70.9,"Chr7A_0752311139",70.9,"Chr7A_0752311295","non-canonique","VRAI","FAUX"
"268","Chr7A_0752599446",72.6,"Chr7A_0752599446",96.4,"Chr7A_0752599692","non-canonique","VRAI","FAUX"
"269","Chr7A_0752615878",74.5,"Chr7A_0752615878",100,"Chr7A_0752615879","non-canonique","VRAI","FAUX"
"270","Chr7A_0752631816",72.3,"Chr7A_0752631816",95.9,"Chr7A_0752632010","non-canonique","VRAI","FAUX"
"271","Chr7A_0752648017",72.3,"Chr7A_0752648017",96.3,"Chr7A_0752648228","non-canonique","VRAI","FAUX"
"272","Chr7A_0752715034",74.8,"Chr7A_0752715034",74.8,"Chr7A_0752715034","non-canonique","VRAI","VRAI"
"273","Chr7A_0752867611",100,"Chr7A_0752867611",100,"Chr7A_0752867611","non-canonique","VRAI","VRAI"
"274","Chr7A_0752916717",72.3,"Chr7A_0752916717",95.9,"Chr7A_0752916930","canonique","VRAI","FAUX"
"275","Chr7A_0752970880",98.3,"Chr7A_0752970880",100,"Chr7A_0752970880","non-canonique","VRAI","VRAI"
"276","Chr7A_0753007538",74.5,"Chr7A_0753007538",96.4,"Chr7A_0753007538","canonique","VRAI","VRAI"
"277","Chr7A_0753022799",100,"Chr7A_0753022799",100,"Chr7A_0753022799","canonique","VRAI","VRAI"
"278","Chr7A_0753178303",84.7,"Chr7A_0753178303",100,"Chr7A_0753178303","canonique","VRAI","VRAI"
"279","Chr7A_0753249300",61.7,"Chr7A_0753249300",99.4,"Chr7A_0753249300","non-canonique","VRAI","VRAI"
"280","Chr7A_0753266855",48.1,"Chr7A_0753266855",63.7,"Chr7A_0753269994","non-canonique","VRAI","FAUX"
"281","Chr7A_0753346380",99.8,"Chr7A_0753346380",100,"Chr7A_0753346380","non-canonique","VRAI","VRAI"
"282","Chr7A_0753437631",79.5,"Chr7A_0753437631",99.4,"Chr7A_0753437631","non-canonique","VRAI","VRAI"
"283","Chr7A_0753733694",99.3,"Chr7A_0753733694",99.7,"Chr7A_0753733694","canonique","VRAI","VRAI"
"284","Chr7A_0753787970",79.1,"Chr7A_0753787970",96.5,"Chr7A_0753787970","non-canonique","VRAI","VRAI"
